# CrossFit merged direct-channel cross-section table
# method: golden spline/PCHIP fits are used first for channels present in figs/golden/tables.
# method: remaining silver channels use the normalized st99 or w93 model with the smaller chi2.
# method: nan chi2 is treated as infinity when choosing the silver model.
# row_format: first non-comment row is 0 0 0 0 followed by energies in GeV/n.
# row_format: subsequent rows are A_I Z_I A_F Z_F followed by cross sections in mbarn.
# sorting: rows are ordered by A_I, Z_I, A_F, Z_F after model selection.
# energy_grid: n=300, E_min=0.01 GeV/n, E_max=100 GeV/n, log-spaced
# total_channels: 51
# golden_channels: 26
# golden: Be9 -> Be7; model=log_pchip; chi2=690.8666848
# golden: C12 -> Li6; model=log_pchip; chi2=21.15079962
# golden: C12 -> Li7; model=log_pchip; chi2=30.34763183
# golden: C12 -> Be7; model=log_pchip_plus_sigma_0; chi2=3500.926498
# golden: C12 -> Be9; model=log_pchip; chi2=12.04261947
# golden: C12 -> Be10; model=log_pchip; chi2=33.73582982
# golden: C12 -> B10; model=log_pchip_plus_sigma_0; chi2=14.60090956
# golden: C12 -> C11; model=log_pchip_plus_sigma_0; chi2=16630.27073
# golden: N14 -> Be7; model=log_pchip_plus_sigma_0; chi2=68.86466609
# golden: N14 -> C11; model=log_pchip_plus_sigma_0; chi2=937.9392318
# golden: N14 -> N13; model=log_pchip_plus_sigma_0; chi2=676.0530921
# golden: O16 -> Be7; model=log_pchip_plus_sigma_0; chi2=441.2322079
# golden: O16 -> Be9; model=log_pchip; chi2=8.163383505
# golden: O16 -> Be10; model=log_pchip; chi2=665.5829846
# golden: O16 -> B10; model=log_pchip_plus_sigma_0; chi2=21.56821658
# golden: O16 -> B11; model=log_pchip; chi2=0.9112666092
# golden: O16 -> C11; model=log_pchip_plus_sigma_0; chi2=2375.484819
# golden: Mg24 -> Be7; model=log_pchip; chi2=26.04360377
# golden: Mg24 -> Be10; model=log_pchip; chi2=46.60716367
# golden: Al27 -> Be7; model=log_pchip; chi2=8867.900735
# golden: Al27 -> Be10; model=log_pchip; chi2=496.3067491
# golden: Si28 -> Be7; model=log_pchip; chi2=106.4054372
# golden: Si28 -> Be10; model=log_pchip; chi2=90.31753915
# golden: Mn55 -> Be10; model=log_pchip; chi2=8.858883096
# golden: Fe56 -> Be7; model=log_pchip; chi2=171.7153199
# golden: Fe56 -> Be10; model=log_pchip; chi2=7986.796729
# silver_channels: 25
# silver: Li7 -> Li6; selected_model=st99; chi2=4.00611767e-30
# silver: B11 -> Be7; selected_model=w93; chi2=2.360007406
# silver: B11 -> Be9; selected_model=w93; chi2=0.06550127329
# silver: B11 -> Be10; selected_model=st99; chi2=1.972152263e-31
# silver: C12 -> B11; selected_model=w93; chi2=1.580735699
# silver: N14 -> Be10; selected_model=w93; chi2=0.2085524844
# silver: N14 -> B10; selected_model=st99; chi2=0.1666014904
# silver: N14 -> B11; selected_model=w93; chi2=0.010705812
# silver: O16 -> Li6; selected_model=st99; chi2=0.09664536741
# silver: O16 -> Li7; selected_model=st99; chi2=1.070155902
# silver: O16 -> C12; selected_model=w93; chi2=0.01027571202
# silver: Mg24 -> Na22; selected_model=w93; chi2=14.33751701
# silver: Al27 -> Li6; selected_model=st99; chi2=0
# silver: Al27 -> Li7; selected_model=st99; chi2=2.185210264e-31
# silver: Al27 -> Be9; selected_model=st99; chi2=0
# silver: Al27 -> C11; selected_model=st99; chi2=12.61003123
# silver: Al27 -> Na22; selected_model=w93; chi2=178.3587314
# silver: Si28 -> Na22; selected_model=w93; chi2=13.46280365
# silver: V51 -> Be7; selected_model=w93; chi2=10.4994726
# silver: Fe56 -> Li6; selected_model=st99; chi2=0
# silver: Fe56 -> Li7; selected_model=st99; chi2=5.048709793e-31
# silver: Fe56 -> Be9; selected_model=st99; chi2=6.0115508
# silver: Fe56 -> Na22; selected_model=st99; chi2=85.30837353
# silver: Fe56 -> Na24; selected_model=st99; chi2=38.13573772
# silver: Fe56 -> Mn54; selected_model=w93; chi2=29.28582873
# end_header
0 0 0 0 0.01 0.01031283161 0.01063544957 0.01096816005 0.01131127877 0.01166513132 0.01203005349 0.01240639159 0.01279450273 0.01319475522 0.01360752886 0.01403321538 0.01447221871 0.01492495545 0.01539185523 0.01587336111 0.01636993002 0.01688203317 0.01741015652 0.01795480125 0.01851648418 0.01909573833 0.01969311338 0.02030917621 0.02094451143 0.02159972195 0.02227542952 0.02297227536 0.02369092074 0.02443204762 0.02519635929 0.02598458105 0.02679746087 0.02763577015 0.02850030439 0.02939188399 0.03031135502 0.03125959 0.03223748878 0.03324597932 0.03428601864 0.03535859367 0.03646472223 0.037605454 0.03878187146 0.03999509097 0.04124626383 0.04253657733 0.04386725591 0.04523956233 0.04665479882 0.04811430839 0.04961947603 0.05117173007 0.05277254352 0.05442343548 0.05612597256 0.05788177038 0.0596924951 0.06155986501 0.06348565216 0.06547168402 0.06751984523 0.0696320794 0.07181039093 0.07405684692 0.07637357916 0.07876278611 0.081226735 0.08376776401 0.08638828443 0.08909078301 0.09187782429 0.09475205303 0.09771619673 0.1007730682 0.1039255683 0.1071766885 0.1105295141 0.1139872267 0.1175531074 0.1212305401 0.1250230146 0.1289341297 0.1329675967 0.1371272434 0.141417017 0.1458409883 0.1504033554 0.1551084477 0.1599607302 0.1649648074 0.170125428 0.1754474891 0.1809360411 0.1865962923 0.1924336141 0.1984535458 0.2046617999 0.2110642679 0.2176670253 0.2244763378 0.2314986672 0.2387406772 0.2462092401 0.2539114434 0.2618545958 0.2700462352 0.278494135 0.2872063118 0.296191033 0.3054568247 0.3150124796 0.3248670656 0.3350299342 0.3455107295 0.3563193971 0.3674661941 0.3789616981 0.3908168178 0.4030428031 0.4156512558 0.4286541408 0.4420637972 0.45589295 0.4701547224 0.4848626481 0.5000306842 0.5156732245 0.5318051128 0.5484416576 0.5655986461 0.5832923594 0.601539588 0.6203576476 0.6397643956 0.659778248 0.6804181969 0.7017038287 0.7236553423 0.7462935686 0.7696399902 0.7937167617 0.8185467307 0.8441534596 0.8705612479 0.8977951553 0.9258810254 0.9548455103 0.9847160958 1.015521128 1.047289838 1.080052375 1.113839826 1.148684257 1.184618731 1.221677349 1.259895278 1.299308784 1.33995527 1.381873306 1.42510267 1.469684386 1.515660759 1.563075418 1.611973357 1.662400979 1.714406136 1.768038178 1.823348001 1.880388089 1.939212572 1.999877271 2.062439753 2.126959387 2.193497399 2.26211693 2.332883098 2.405863055 2.481126055 2.55874352 2.638789105 2.721338768 2.806470846 2.894266125 2.984807917 3.078182143 3.174477409 3.273785096 3.376199441 3.481817631 3.590739891 3.703069584 3.818913305 3.938380983 4.061585988 4.188645235 4.319679297 4.454812519 4.594173135 4.737893391 4.886109671 5.038962625 5.196597302 5.359163291 5.526814857 5.699711094 5.878016072 6.061898993 6.251534354 6.447102107 6.648787838 6.856782937 7.071284779 7.292496917 7.52062927 7.755898323 7.998527337 8.248746553 8.506793416 8.772912802 9.047357242 9.330387173 9.622271174 9.923286229 10.23371799 10.55386103 10.88401916 11.22450568 11.5756437 11.93776642 12.31121748 12.69635128 13.09353327 13.50314038 13.92556129 14.36119686 14.81046049 15.2737785 15.75159057 16.24435011 16.75252472 17.27659665 17.8170632 18.37443725 18.94924772 19.54204008 20.15337686 20.78383819 21.43402234 22.1045463 22.79604637 23.50917875 24.24462017 25.00306852 25.78524353 26.59188745 27.42376573 28.2816678 29.16640776 30.07882518 31.0197859 31.99018285 32.99093688 34.02299766 35.08734456 36.1849876 37.31696838 38.48436109 39.68827355 40.92984818 42.2102632 43.53073365 44.89251258 46.29689227 47.74520539 49.23882632 50.77917243 52.36770544 54.00593279 55.69540906 57.43773749 59.23457146 61.08761608 62.99862978 64.96942604 67.00187504 69.09790546 71.25950634 73.48872892 75.78768864 78.15856708 80.60361409 83.1251499 85.72556732 88.40733402 91.17299485 94.0251743 96.96657893 100
7 3 6 3 2.759556066 3.114700972 3.514689872 3.96495441 4.471521579 5.041061601 5.6809345 6.399233377 7.204821738 8.107361474 9.11732709 10.24600067 11.50544073 12.90841663 14.46829852 16.19889111 18.11419798 20.22810134 22.55394169 25.10398144 27.88873821 30.91617707 34.19075787 37.71234449 41.47499881 45.46570433 49.66309254 54.03627967 58.54395943 63.13393522 67.74330488 72.29952204 76.7225366 80.92814687 84.832565 88.35800112 91.4388213 94.02756856 96.09991941 97.65757023 98.7281984 99.36207353 99.62557237 99.59262536 99.3357405 98.91843888 98.39054167 97.78686189 97.12881767 96.42774293 95.68851525 94.91251323 94.09953735 93.24882444 92.35948703 91.43067376 90.46162541 89.4517017 88.40040273 87.30739072 86.17251293 84.99582581 83.77762004 82.51844634 81.21914166 79.88085521 78.50507406 77.09364737 75.64880886 74.17319642 72.66986815 71.14231366 69.5944597 68.03066876 66.45572976 64.87483933 63.29357291 61.71784445 60.15385411 58.60802332 57.08691721 55.59715458 54.14530636 52.73778404 51.38072013 50.07984364 48.84035407 47.66679816 46.56295432 45.53172967 44.57507526 43.69392455 42.88815972 42.15660971 41.49708241 40.90643181 40.38065898 39.91504375 39.50430168 39.14275916 38.82453779 38.54373843 38.29461497 38.07172862 37.87007496 37.6851781 37.51314928 37.35070985 37.19518153 37.04444938 36.89690421 36.75137218 36.60703916 36.46337628 36.3200719 36.17697309 36.03403829 35.89130093 35.74884306 35.60677716 35.46523434 35.32435683 35.18429365 35.04519791 34.9072253 34.77053298 34.63527889 34.50162097 34.36971658 34.23972179 34.11179069 33.98607473 33.86272193 33.74187618 33.62367648 33.50825619 33.39574227 33.28625454 33.17990492 33.0767968 32.97702429 32.8806716 32.78781249 32.69850967 32.61281439 32.53076599 32.45239161 32.3777059 32.30671092 32.23939607 32.17573809 32.11570128 32.05923769 32.00628751 31.95677949 31.91063158 31.86775148 31.48383233 31.48383233 31.48383233 31.48383233 31.48383233 31.48383233 31.48383233 31.48383233 31.48383233 31.48383233 31.48383233 31.48383233 31.48383233 31.48383233 31.48383233 31.48383233 31.48383233 31.48383233 31.48383233 31.48383233 31.48383233 31.48383233 31.48383233 31.48383233 31.48383233 31.48383233 31.48383233 31.48383233 31.48383233 31.48383233 31.48383233 31.48383233 31.48383233 31.48383233 31.48383233 31.48383233 31.48383233 31.48383233 31.48383233 31.48383233 31.48383233 31.48383233 31.48383233 31.48383233 31.48383233 31.48383233 31.48383233 31.48383233 31.48383233 31.48383233 31.48383233 31.48383233 31.48383233 31.48383233 31.48383233 31.48383233 31.48383233 31.48383233 31.48383233 31.48383233 31.48383233 31.48383233 31.48383233 31.48383233 31.48383233 31.48383233 31.48383233 31.48383233 31.48383233 31.48383233 31.48383233 31.48383233 31.48383233 31.48383233 31.48383233 31.48383233 31.48383233 31.48383233 31.48383233 31.48383233 31.48383233 31.48383233 31.48383233 31.48383233 31.48383233 31.48383233 31.48383233 31.48383233 31.48383233 31.48383233 31.48383233 31.48383233 31.48383233 31.48383233 31.48383233 31.48383233 31.48383233 31.48383233 31.48383233 31.48383233 31.48383233 31.48383233 31.48383233 31.48383233 31.48383233 31.48383233 31.48383233 31.48383233 31.48383233 31.48383233 31.48383233 31.48383233 31.48383233 31.48383233 31.48383233 31.48383233 31.48383233 31.48383233 31.48383233 31.48383233 31.48383233 31.48383233 31.48383233 31.48383233 31.48383233 31.48383233 31.48383233 31.48383233 31.48383233 31.48383233 31.48383233 31.48383233 31.48383233 31.48383233 31.48383233 31.48383233 31.48383233 31.48383233 31.48383233 31.48383233 31.48383233 31.48383233 31.48383233
9 4 7 4 0 0 0 0 0 0 0 0 0 0 0.2580423841 0.8663791692 1.466762246 2.058810292 2.642141986 3.216376004 3.781131025 4.336025727 4.880678787 5.414708884 5.937734694 6.449374896 6.949248168 7.436973187 7.912168632 8.374453179 8.823445508 9.258764294 9.680028218 10.08685596 10.47886618 10.85567758 11.21690883 11.5621786 11.89110558 12.20330844 12.49840585 12.7760165 13.03575907 13.27725223 13.50011466 13.70396503 13.88842204 14.05310434 14.19763063 14.32161957 14.42468986 14.50646015 14.56654914 14.6045755 14.62015791 14.61368135 14.58702588 14.54122436 14.47727792 14.39618775 14.298955 14.18658083 14.0600664 13.92041288 13.76862143 13.6056932 13.43262936 13.25043108 13.0600995 12.8626358 12.65904114 12.45031667 12.23746357 12.02148298 11.80337607 11.58414401 11.36478795 11.14630906 10.9297085 10.71598742 10.506147 10.30118839 10.10211275 9.90992125 9.725615045 9.550195299 9.384663173 9.230019828 9.087266426 8.957404129 8.841434098 8.740357495 8.655175481 8.586889217 8.536499865 8.504610272 8.479848818 8.456563909 8.434682551 8.414131745 8.394838496 8.376729807 8.359732683 8.343774125 8.328781139 8.314680728 8.301399895 8.288865644 8.277004979 8.265744903 8.25501242 8.244734534 8.234838248 8.225250565 8.21589849 8.206709026 8.197609176 8.188525945 8.179386336 8.170117352 8.160645997 8.150899275 8.140804189 8.130287744 8.119276942 8.107698787 8.095480283 8.082548434 8.068830242 8.054252713 8.038742848 8.022227653 8.00463413 7.985889284 7.965920117 7.944653634 7.921877048 7.897000156 7.870003424 7.84093066 7.809825672 7.77673227 7.74169426 7.704755452 7.665959653 7.625350673 7.582972319 7.538868401 7.493082725 7.445659101 7.396641337 7.346073242 7.293998623 7.240461289 7.185505049 7.12917371 7.071511081 7.012560971 6.952367188 6.89097354 6.828423835 6.764761882 6.70003149 6.634276466 6.567540619 6.499867757 6.431301689 6.361886223 6.291665168 6.220682331 6.148981521 6.076606547 6.003601216 5.930009338 5.85587472 5.781241171 5.706152499 5.706002484 5.706002484 5.706002484 5.706002484 5.706002484 5.706002484 5.706002484 5.706002484 5.706002484 5.706002484 5.706002484 5.706002484 5.706002484 5.706002484 5.706002484 5.706002484 5.706002484 5.706002484 5.706002484 5.706002484 5.706002484 5.706002484 5.706002484 5.706002484 5.706002484 5.706002484 5.706002484 5.706002484 5.706002484 5.706002484 5.706002484 5.706002484 5.706002484 5.706002484 5.706002484 5.706002484 5.706002484 5.706002484 5.706002484 5.706002484 5.706002484 5.706002484 5.706002484 5.706002484 5.706002484 5.706002484 5.706002484 5.706002484 5.706002484 5.706002484 5.706002484 5.706002484 5.706002484 5.706002484 5.706002484 5.706002484 5.706002484 5.706002484 5.706002484 5.706002484 5.706002484 5.706002484 5.706002484 5.706002484 5.706002484 5.706002484 5.706002484 5.706002484 5.706002484 5.706002484 5.706002484 5.706002484 5.706002484 5.706002484 5.706002484 5.706002484 5.706002484 5.706002484 5.706002484 5.706002484 5.706002484 5.706002484 5.706002484 5.706002484 5.706002484 5.706002484 5.706002484 5.706002484 5.706002484 5.706002484 5.706002484 5.706002484 5.706002484 5.706002484 5.706002484 5.706002484 5.706002484 5.706002484 5.706002484 5.706002484 5.706002484 5.706002484 5.706002484 5.706002484 5.706002484 5.706002484 5.706002484 5.706002484 5.706002484 5.706002484 5.706002484 5.706002484 5.706002484 5.706002484 5.706002484 5.706002484 5.706002484 5.706002484 5.706002484 5.706002484 5.706002484 5.706002484 5.706002484 5.706002484 5.706002484 5.706002484 5.706002484
11 5 7 4 4.147217515 4.147138663 4.147057469 4.146973867 4.14688779 4.14679917 4.146707936 4.146614017 4.14651734 4.146417831 4.146315412 4.146210007 4.146101535 4.145989915 4.145875065 4.145756901 4.145635336 4.145510283 4.145381654 4.145249358 4.145113304 4.144973398 4.144829546 4.144681652 4.14452962 4.144373351 4.144212746 4.144047706 4.14387813 4.143703916 4.143524962 4.143341166 4.143152426 4.142958638 4.142759701 4.142555512 4.142345971 4.142130976 4.141910429 4.141684232 4.14145229 4.141214509 4.140970799 4.140721073 4.140465246 4.14020324 4.13993498 4.139660397 4.139379428 4.139092017 4.138798116 4.138497686 4.138190696 4.137877127 4.137556971 4.137230233 4.136896932 4.136557102 4.136210795 4.135858081 4.13549905 4.135133815 4.134762512 4.134385303 4.134002379 4.133613963 4.133220309 4.132821709 4.132418495 4.132011039 4.131599761 4.131185131 4.130767671 4.130347962 4.129926648 4.129504439 4.129082118 4.128660545 4.128240667 4.127823517 4.127410228 4.127002036 4.126600288 4.126206451 4.125822121 4.125449029 4.125089057 4.12474424 4.124416784 4.124109074 4.123823684 4.123563396 4.123331208 4.123130349 4.122964297 4.122836789 4.122751842 4.122713768 4.122727192 4.122797067 4.122928699 4.123127759 4.123400309 4.123752816 4.124192177 4.124725738 4.125361311 4.1261072 4.126972213 4.127965687 4.129097501 4.130378093 4.131818475 4.133430242 4.135225581 4.137217276 4.139418704 4.141843836 4.144507218 4.147423957 4.150609689 4.154080545 4.157853098 4.161944307 4.166371438 4.171151974 4.17630351 4.181843619 4.18778971 4.194158855 4.200967596 4.208231724 4.215966033 4.224184046 4.232897714 4.242117086 4.251849957 4.262101482 4.272873779 4.284165506 4.295971431 4.308281996 4.321082882 4.334354596 4.348072081 4.362204371 4.376714304 4.391558322 4.406686362 4.422041872 4.437561967 4.453177757 4.468814841 4.484394017 4.499832186 4.51504348 4.529940593 4.544436307 4.558445192 4.571885434 4.584680738 4.59676225 4.608070418 4.618556696 4.62818502 4.63693295 4.6447924 4.651769889 4.657886258 4.663175844 4.66768511 4.671470797 4.674597672 4.680061243 4.685106817 4.689804829 4.694229314 4.698450048 4.702530874 4.70652855 4.710492137 4.714462897 4.718474644 4.72255444 4.726723518 4.730998321 4.735391541 4.739913074 4.744570851 4.7493715 4.754320854 4.759424313 4.764687084 4.770114341 4.775711318 4.684900117 4.684900121 4.684900123 4.684900123 4.684900123 4.684900123 4.684900123 4.684900123 4.684900123 4.684900123 4.684900123 4.684900123 4.684900123 4.684900123 4.684900123 4.684900123 4.684900123 4.684900123 4.684900123 4.684900123 4.684900123 4.684900123 4.684900123 4.684900123 4.684900123 4.684900123 4.684900123 4.684900123 4.684900123 4.684900123 4.684900123 4.684900123 4.684900123 4.684900123 4.684900123 4.684900123 4.684900123 4.684900123 4.684900123 4.684900123 4.684900123 4.684900123 4.684900123 4.684900123 4.684900123 4.684900123 4.684900123 4.684900123 4.684900123 4.684900123 4.684900123 4.684900123 4.684900123 4.684900123 4.684900123 4.684900123 4.684900123 4.684900123 4.684900123 4.684900123 4.684900123 4.684900123 4.684900123 4.684900123 4.684900123 4.684900123 4.684900123 4.684900123 4.684900123 4.684900123 4.684900123 4.684900123 4.684900123 4.684900123 4.684900123 4.684900123 4.684900123 4.684900123 4.684900123 4.684900123 4.684900123 4.684900123 4.684900123 4.684900123 4.684900123 4.684900123 4.684900123 4.684900123 4.684900123 4.684900123 4.684900123 4.684900123 4.684900123 4.684900123 4.684900123 4.684900123 4.684900123 4.684900123 4.684900123 4.684900123 4.684900123 4.684900123 4.684900123 4.684900123 4.684900123
11 5 9 4 13.51982962 13.51957257 13.51930788 13.51903534 13.51875473 13.51846583 13.51816841 13.51786223 13.51754707 13.51722267 13.51688879 13.51654517 13.51619155 13.51582768 13.51545327 13.51506805 13.51467175 13.51426409 13.51384476 13.51341348 13.51296994 13.51251385 13.5120449 13.51156277 13.51106715 13.51055771 13.51003415 13.50949612 13.50894331 13.50837537 13.50779199 13.50719282 13.50657753 13.50594579 13.50529726 13.5046316 13.5039485 13.50324763 13.50252865 13.50179125 13.50103513 13.50025997 13.49946548 13.49865138 13.49781739 13.49696325 13.49608873 13.4951936 13.49427765 13.49334069 13.49238258 13.49140319 13.49040241 13.48938018 13.48833648 13.48727132 13.48618477 13.48507693 13.48394798 13.48279814 13.48162771 13.48043705 13.47922661 13.47799692 13.4767486 13.47548237 13.47419907 13.47289964 13.47158517 13.47025687 13.46891612 13.46756443 13.46620352 13.46483528 13.46346181 13.46208542 13.46070866 13.45933435 13.45796555 13.45660565 13.45525834 13.45392765 13.45261796 13.45133406 13.45008115 13.44886488 13.44769138 13.44656728 13.44549979 13.44449666 13.44356629 13.44271776 13.44196083 13.44130604 13.44076471 13.44034904 13.44007211 13.43994799 13.43999175 13.44021955 13.44064866 13.4412976 13.4421861 13.44333526 13.44476757 13.44650697 13.44857892 13.4510105 13.45383042 13.45706912 13.46075881 13.46493351 13.46962912 13.47488344 13.48073621 13.48722908 13.49440568 13.50231156 13.51099412 13.52050262 13.53088803 13.54220293 13.55450137 13.56783861 13.58227095 13.59785539 13.61464927 13.63270989 13.652094 13.67285726 13.6950536 13.71873448 13.74394814 13.77073867 13.79914501 13.82919995 13.86092887 13.8943486 13.92946603 13.96627679 14.00476382 14.04489597 14.08662655 14.12989202 14.17461069 14.22068161 14.26798365 14.31637479 14.36569184 14.41575043 14.46634557 14.51725267 14.56822919 14.61901693 14.66934499 14.71893345 14.76749767 14.81475335 14.86042199 14.90423685 14.94594923 14.98533468 15.02219903 15.05638404 15.08777215 15.11629019 15.14191181 15.16465826 15.18459747 15.2018414 15.2165415 15.22888275 15.23907628 15.25688739 15.27333585 15.28865125 15.30307497 15.31683446 15.33013785 15.34317018 15.35609138 15.36903596 15.38211416 15.3954142 15.40900529 15.42294105 15.43726284 15.45200293 15.46718717 15.48283717 15.49897195 15.5156091 15.53276561 15.55045833 15.56870434 15.27266201 15.27266202 15.27266202 15.27266203 15.27266203 15.27266203 15.27266203 15.27266203 15.27266203 15.27266203 15.27266203 15.27266203 15.27266203 15.27266203 15.27266203 15.27266203 15.27266203 15.27266203 15.27266203 15.27266203 15.27266203 15.27266203 15.27266203 15.27266203 15.27266203 15.27266203 15.27266203 15.27266203 15.27266203 15.27266203 15.27266203 15.27266203 15.27266203 15.27266203 15.27266203 15.27266203 15.27266203 15.27266203 15.27266203 15.27266203 15.27266203 15.27266203 15.27266203 15.27266203 15.27266203 15.27266203 15.27266203 15.27266203 15.27266203 15.27266203 15.27266203 15.27266203 15.27266203 15.27266203 15.27266203 15.27266203 15.27266203 15.27266203 15.27266203 15.27266203 15.27266203 15.27266203 15.27266203 15.27266203 15.27266203 15.27266203 15.27266203 15.27266203 15.27266203 15.27266203 15.27266203 15.27266203 15.27266203 15.27266203 15.27266203 15.27266203 15.27266203 15.27266203 15.27266203 15.27266203 15.27266203 15.27266203 15.27266203 15.27266203 15.27266203 15.27266203 15.27266203 15.27266203 15.27266203 15.27266203 15.27266203 15.27266203 15.27266203 15.27266203 15.27266203 15.27266203 15.27266203 15.27266203 15.27266203 15.27266203 15.27266203 15.27266203 15.27266203 15.27266203 15.27266203
11 5 10 4 0.9973230199 1.121654445 1.261054201 1.417248444 1.592136526 1.78780197 2.006522272 2.250776815 2.52325197 2.826842249 3.164646045 3.539954229 3.956229442 4.417073589 4.92618055 5.487270788 6.104004115 6.779866687 7.518028239 8.321165896 9.191251712 10.12930259 11.13509372 12.20684032 13.34085756 14.53121538 15.76941297 17.04410748 18.34094143 19.64252224 20.92861311 22.17659342 23.36223591 24.4608225 25.4485782 26.30434394 27.01133823 27.55878833 27.94316208 28.16872719 28.24722812 28.19660941 28.0389143 27.7976986 27.49545059 27.15152773 26.78097793 26.39434643 25.99828232 25.59657157 25.19120644 24.78322911 24.37326619 23.96180446 23.54930645 23.13624961 22.72313709 22.31050022 21.89889918 21.48892323 21.08119083 20.6763496 20.27507612 19.87807559 19.48608132 19.09985396 18.72018058 18.34787349 17.98376879 17.62872465 17.2836193 16.94934865 16.62682368 16.31696728 16.02071086 15.73899051 15.47274261 15.22289917 14.99038257 14.77609983 14.58093641 14.40574954 14.25136093 14.11854912 14.00804125 13.92050443 13.85653665 13.8166574 13.80129788 13.81079114 13.84536202 13.90511719 13.99003535 14.09995786 14.2345799 14.3934426 14.57592614 14.78124444 15.00844144 15.25638966 15.52379112 15.80918111 16.11093521 16.42727978 16.75630631 17.09598977 17.44421113 17.79878409 18.15748577 18.51809117 18.87841084 19.23633094 19.5898549 19.93714535 20.27656491 20.60671433 20.92646623 21.23499252 21.53178401 21.81666028 22.08976879 22.35157197 22.602822 22.84452335 23.07788385 23.3042557 23.52506849 23.74175676 23.95568495 24.16807286 24.3799244 24.59196239 24.80457126 25.01774941 25.23107175 25.4436627 25.65417966 25.86080629 26.06125583 26.25278455 26.43221641 26.59598094 26.74016672 26.8605939 26.95290911 27.0127058 27.03567241 27.01776859 26.95542778 26.84578104 26.68689315 26.47799833 26.21971835 25.91424242 25.56544594 25.17892449 24.7619218 24.3231363 23.87239973 23.42023451 22.97731164 22.55384686 22.15898741 21.80025074 21.48307897 21.2105647 20.98338593 20.79996144 20.65680675 20.54904128 20.47097476 20.41669198 20.38056057 20.35760669 20.34373266 20.33578109 20.33147555 20.32928154 20.32823374 20.32776684 20.32746225 20.32746225 20.32746225 20.32746225 20.32746225 20.32746225 20.32746225 20.32746225 20.32746225 20.32746225 20.32746225 20.32746225 20.32746225 20.32746225 20.32746225 20.32746225 20.32746225 20.32746225 20.32746225 20.32746225 20.32746225 20.32746225 20.32746225 20.32746225 20.32746225 20.32746225 20.32746225 20.32746225 20.32746225 20.32746225 20.32746225 20.32746225 20.32746225 20.32746225 20.32746225 20.32746225 20.32746225 20.32746225 20.32746225 20.32746225 20.32746225 20.32746225 20.32746225 20.32746225 20.32746225 20.32746225 20.32746225 20.32746225 20.32746225 20.32746225 20.32746225 20.32746225 20.32746225 20.32746225 20.32746225 20.32746225 20.32746225 20.32746225 20.32746225 20.32746225 20.32746225 20.32746225 20.32746225 20.32746225 20.32746225 20.32746225 20.32746225 20.32746225 20.32746225 20.32746225 20.32746225 20.32746225 20.32746225 20.32746225 20.32746225 20.32746225 20.32746225 20.32746225 20.32746225 20.32746225 20.32746225 20.32746225 20.32746225 20.32746225 20.32746225 20.32746225 20.32746225 20.32746225 20.32746225 20.32746225 20.32746225 20.32746225 20.32746225 20.32746225 20.32746225 20.32746225 20.32746225 20.32746225 20.32746225 20.32746225 20.32746225 20.32746225 20.32746225 20.32746225 20.32746225 20.32746225 20.32746225 20.32746225 20.32746225 20.32746225 20.32746225 20.32746225 20.32746225 20.32746225 20.32746225 20.32746225 20.32746225 20.32746225 20.32746225 20.32746225
12 6 6 3 0 0 0 0 0 0 0 0 0 0 0 0 0 0 0 0 0 0 0 0 0 0 0 0 0 0 0 0 0 0 0.5135922565 1.043859416 1.568689357 2.087479203 2.599626082 3.10452712 3.601579443 4.090180177 4.569726448 5.039615382 5.499244106 5.948009745 6.385309426 6.810540276 7.223099419 7.622383982 8.007791092 8.378717875 8.734561456 9.074718962 9.398587519 9.705564253 9.99504629 10.26643076 10.51911478 10.75249548 10.96597 11.15893544 11.33078895 11.48092764 11.60874865 11.71364909 11.7950261 11.8522768 11.88479831 11.89230406 11.88333333 11.86246699 11.83041945 11.78790513 11.73563846 11.67433385 11.60470571 11.52746847 11.44333654 11.35302435 11.25724631 11.15671683 11.05215034 10.94426126 10.833764 10.72137298 10.60780262 10.49376734 10.37998155 10.26715968 10.15601615 10.04726536 9.941621739 9.839799707 9.742513681 9.650478079 9.564407318 9.485015817 9.413017994 9.349128268 9.294061057 9.248530778 9.21325185 9.188938692 9.176305721 9.174883433 9.177368047 9.182334036 9.189721656 9.199471164 9.211522815 9.225816866 9.242293574 9.260893193 9.281555982 9.304222195 9.32883209 9.355325922 9.383643947 9.413726423 9.445513605 9.478945749 9.513963112 9.55050595 9.588514519 9.627929076 9.668689876 9.710737176 9.754011232 9.798452301 9.844000639 9.890596501 9.938180145 9.986691826 10.0360718 10.08626033 10.13719766 10.18882405 10.24107976 10.29390505 10.34724017 10.40272313 10.46456159 10.53281456 10.60732712 10.68794431 10.77451119 10.86687284 10.9648743 11.06836063 11.17717689 11.29116815 11.41017945 11.53405587 11.66264246 11.79578428 11.93332638 12.07511383 12.22099169 12.37080501 12.52439886 12.68161829 12.84230836 13.00631413 13.17348067 13.34365303 13.51667626 13.69239543 13.87065561 14.05130183 14.23417918 14.4191327 14.60600745 14.79464849 14.98490089 15.1766097 15.36961998 15.37000569 15.37000569 15.37000569 15.37000569 15.37000569 15.37000569 15.37000569 15.37000569 15.37000569 15.37000569 15.37000569 15.37000569 15.37000569 15.37000569 15.37000569 15.37000569 15.37000569 15.37000569 15.37000569 15.37000569 15.37000569 15.37000569 15.37000569 15.37000569 15.37000569 15.37000569 15.37000569 15.37000569 15.37000569 15.37000569 15.37000569 15.37000569 15.37000569 15.37000569 15.37000569 15.37000569 15.37000569 15.37000569 15.37000569 15.37000569 15.37000569 15.37000569 15.37000569 15.37000569 15.37000569 15.37000569 15.37000569 15.37000569 15.37000569 15.37000569 15.37000569 15.37000569 15.37000569 15.37000569 15.37000569 15.37000569 15.37000569 15.37000569 15.37000569 15.37000569 15.37000569 15.37000569 15.37000569 15.37000569 15.37000569 15.37000569 15.37000569 15.37000569 15.37000569 15.37000569 15.37000569 15.37000569 15.37000569 15.37000569 15.37000569 15.37000569 15.37000569 15.37000569 15.37000569 15.37000569 15.37000569 15.37000569 15.37000569 15.37000569 15.37000569 15.37000569 15.37000569 15.37000569 15.37000569 15.37000569 15.37000569 15.37000569 15.37000569 15.37000569 15.37000569 15.37000569 15.37000569 15.37000569 15.37000569 15.37000569 15.37000569 15.37000569 15.37000569 15.37000569 15.37000569 15.37000569 15.37000569 15.37000569 15.37000569 15.37000569 15.37000569 15.37000569 15.37000569 15.37000569 15.37000569 15.37000569 15.37000569 15.37000569 15.37000569 15.37000569 15.37000569 15.37000569 15.37000569 15.37000569 15.37000569 15.37000569 15.37000569
12 6 7 3 0 0 0 0 0 0 0 0 0 0 0 0 0 0 0 0 0 0 0 0 0 0 0 0 0 0 0 0 0 0 0 0 0.06950946579 0.5918295902 1.105677445 1.610651178 2.106348936 2.592368868 3.068309121 3.533767841 3.988343178 4.431633279 4.86323629 5.28275036 5.689773637 6.083904267 6.464740399 6.83188018 7.184921758 7.52346328 7.847102893 8.155438746 8.448068987 8.724591761 8.984605218 9.227707505 9.453496769 9.661571158 9.85152882 10.0229679 10.17548655 10.30868292 10.42215514 10.51550138 10.58831978 10.64020848 10.67076563 10.67958019 10.66548963 10.62885509 10.57104968 10.4934465 10.39741865 10.28433923 10.15558133 10.01251807 9.856522529 9.68896782 9.511227038 9.324673284 9.130679658 8.930619258 8.725865185 8.517790539 8.30776842 8.097171926 7.887374159 7.679748217 7.475667201 7.276504211 7.083632346 6.898424705 6.72225439 6.556494499 6.402518132 6.261698389 6.135408371 6.025021176 5.931909904 5.857447656 5.803007531 5.769962629 5.759654894 5.764844086 5.778943402 5.801564865 5.832320499 5.870822328 5.916682373 5.96951266 6.028925212 6.094532051 6.165945202 6.242776687 6.324638531 6.411142756 6.501901386 6.596526445 6.694629955 6.795823941 6.899720426 7.005931433 7.114068986 7.223745107 7.334571821 7.446161152 7.558125121 7.670075753 7.781625071 7.892385099 8.00196786 8.109985378 8.216049675 8.319772776 8.420766703 8.518643481 8.613015132 8.703495951 8.792196277 8.881202528 8.970513406 9.060127616 9.150043862 9.240260848 9.330777278 9.421591855 9.512703285 9.60411027 9.695811515 9.787805724 9.880091602 9.972667851 10.06553318 10.15868628 10.25212587 10.34585065 10.43985932 10.53415058 10.62872315 10.72357572 10.81870699 10.91411568 11.00980049 11.10576011 11.20199326 11.29849864 11.39527495 11.4923209 11.58963518 11.68721651 11.78506359 11.88317512 11.98154981 11.98174605 11.98174605 11.98174605 11.98174605 11.98174605 11.98174605 11.98174605 11.98174605 11.98174605 11.98174605 11.98174605 11.98174605 11.98174605 11.98174605 11.98174605 11.98174605 11.98174605 11.98174605 11.98174605 11.98174605 11.98174605 11.98174605 11.98174605 11.98174605 11.98174605 11.98174605 11.98174605 11.98174605 11.98174605 11.98174605 11.98174605 11.98174605 11.98174605 11.98174605 11.98174605 11.98174605 11.98174605 11.98174605 11.98174605 11.98174605 11.98174605 11.98174605 11.98174605 11.98174605 11.98174605 11.98174605 11.98174605 11.98174605 11.98174605 11.98174605 11.98174605 11.98174605 11.98174605 11.98174605 11.98174605 11.98174605 11.98174605 11.98174605 11.98174605 11.98174605 11.98174605 11.98174605 11.98174605 11.98174605 11.98174605 11.98174605 11.98174605 11.98174605 11.98174605 11.98174605 11.98174605 11.98174605 11.98174605 11.98174605 11.98174605 11.98174605 11.98174605 11.98174605 11.98174605 11.98174605 11.98174605 11.98174605 11.98174605 11.98174605 11.98174605 11.98174605 11.98174605 11.98174605 11.98174605 11.98174605 11.98174605 11.98174605 11.98174605 11.98174605 11.98174605 11.98174605 11.98174605 11.98174605 11.98174605 11.98174605 11.98174605 11.98174605 11.98174605 11.98174605 11.98174605 11.98174605 11.98174605 11.98174605 11.98174605 11.98174605 11.98174605 11.98174605 11.98174605 11.98174605 11.98174605 11.98174605 11.98174605 11.98174605 11.98174605 11.98174605 11.98174605 11.98174605 11.98174605 11.98174605 11.98174605 11.98174605 11.98174605
12 6 7 4 0 0 0 0 0 0 0 0 0 0 0 0 0 0 0 0 0 0 0 0 0 0 0 0 0 0 0 0 0 0 0.599391363 1.217641563 1.828967558 2.432701593 3.028175914 3.614722764 4.191674386 4.758363026 5.314120926 5.858280332 6.390173487 6.909132635 7.41449002 7.905577886 8.381728477 8.842274038 9.286546811 9.713879042 10.12360297 10.51505085 10.88755492 11.24044742 11.57306059 11.88472669 12.17477795 12.44254662 12.68736495 12.90856517 13.10547954 13.27744028 13.42377966 13.54382991 13.63692328 13.70239201 13.73956835 13.74815484 13.73814961 13.71481636 13.67887629 13.6310506 13.57206051 13.50262722 13.42347194 13.33531587 13.23888023 13.13488621 13.02405502 12.90710788 12.78476598 12.65775054 12.52678275 12.39258384 12.255875 12.11737743 11.97781236 11.83790098 11.6983645 11.55992412 11.42330106 11.28921652 11.1583917 11.03154782 10.90940608 10.79268769 10.68211385 10.57840576 10.48228465 10.3944717 10.31568814 10.24665516 10.18809398 10.13939864 10.09238039 10.04556652 9.999025052 9.952824017 9.907031436 9.861715333 9.816943733 9.772784658 9.729306133 9.686576181 9.644662828 9.603634096 9.563558009 9.524502591 9.486535867 9.44972586 9.414140593 9.379848092 9.34691638 9.31541348 9.285407417 9.256966214 9.230157896 9.205050486 9.181712008 9.160210486 9.140613945 9.122990407 9.107407897 9.093934439 9.082638056 9.073586773 9.066848613 9.062491601 9.060583759 9.060526396 9.06068157 9.061011517 9.061561818 9.062378052 9.063505799 9.06499064 9.066878154 9.069213921 9.07204352 9.075412533 9.079366538 9.083951116 9.089211847 9.09519431 9.101944085 9.109506753 9.117927893 9.127253085 9.137527908 9.148797944 9.161108772 9.174505971 9.189035121 9.204741804 9.221671597 9.239870082 9.259382838 9.280255445 9.302533483 9.326262532 9.351488172 9.378255982 9.406611543 9.436600435 9.468268237 9.468333031 9.468333031 9.468333031 9.468333031 9.468333031 9.468333031 9.468333031 9.468333031 9.468333031 9.468333031 9.468333031 9.468333031 9.468333031 9.468333031 9.468333031 9.468333031 9.468333031 9.468333031 9.468333031 9.468333031 9.468333031 9.468333031 9.468333031 9.468333031 9.468333031 9.468333031 9.468333031 9.468333031 9.468333031 9.468333031 9.468333031 9.468333031 9.468333031 9.468333031 9.468333031 9.468333031 9.468333031 9.468333031 9.468333031 9.468333031 9.468333031 9.468333031 9.468333031 9.468333031 9.468333031 9.468333031 9.468333031 9.468333031 9.468333031 9.468333031 9.468333031 9.468333031 9.468333031 9.468333031 9.468333031 9.468333031 9.468333031 9.468333031 9.468333031 9.468333031 9.468333031 9.468333031 9.468333031 9.468333031 9.468333031 9.468333031 9.468333031 9.468333031 9.468333031 9.468333031 9.468333031 9.468333031 9.468333031 9.468333031 9.468333031 9.468333031 9.468333031 9.468333031 9.468333031 9.468333031 9.468333031 9.468333031 9.468333031 9.468333031 9.468333031 9.468333031 9.468333031 9.468333031 9.468333031 9.468333031 9.468333031 9.468333031 9.468333031 9.468333031 9.468333031 9.468333031 9.468333031 9.468333031 9.468333031 9.468333031 9.468333031 9.468333031 9.468333031 9.468333031 9.468333031 9.468333031 9.468333031 9.468333031 9.468333031 9.468333031 9.468333031 9.468333031 9.468333031 9.468333031 9.468333031 9.468333031 9.468333031 9.468333031 9.468333031 9.468333031 9.468333031 9.468333031 9.468333031 9.468333031 9.468333031 9.468333031 9.468333031
12 6 9 4 0 0 0 0 0 0 0 0 0 0 0 0 0 0 0 0 0 0 0 0 0 0 0 0 0 0 0 0 0 0 0 0 0 0 0.003192623092 0.2090751203 0.4122609217 0.6125462688 0.8097274027 1.003600565 1.193961996 1.380607939 1.563334633 1.741938321 1.916215243 2.085961642 2.250973757 2.411047831 2.565980105 2.71556682 2.859604218 2.997888539 3.130216025 3.256382918 3.376185458 3.489419887 3.595882446 3.695369377 3.78767692 3.872601318 3.949938811 4.01948564 4.081038048 4.134392275 4.179344562 4.215691151 4.243228283 4.2617522 4.271059142 4.271227354 4.263914688 4.249786849 4.22927679 4.202817467 4.170841831 4.133782836 4.092073437 4.046146586 3.996435238 3.943372346 3.887390863 3.828923744 3.768403941 3.706264409 3.6429381 3.578857969 3.51445697 3.450168055 3.386424178 3.323658294 3.262303355 3.202792315 3.145558128 3.091033747 3.039652127 2.99184622 2.94804898 2.908693361 2.874212316 2.845038799 2.821605764 2.804346164 2.793692953 2.79007919 2.796143534 2.813704664 2.842060302 2.88050817 2.928345988 2.984871478 3.04938236 3.121176356 3.199551187 3.283804574 3.373234238 3.467137899 3.56481328 3.665558102 3.768670084 3.87344695 3.979186419 4.085186212 4.190744051 4.295157658 4.397724752 4.497743055 4.594510289 4.687324174 4.775482431 4.858282782 4.935022947 5.005000648 5.067513606 5.121859542 5.167336177 5.203241232 5.228872428 5.243527487 5.248026292 5.250977994 5.253847001 5.256632981 5.2593356 5.261954525 5.264489424 5.266939964 5.269305811 5.271586633 5.273782097 5.275891869 5.277915617 5.279853008 5.281703708 5.283467386 5.285143707 5.286732339 5.288232949 5.289645204 5.290968771 5.292203317 5.293348509 5.294404014 5.295369499 5.296244631 5.297029077 5.297722505 5.29832458 5.298834971 5.299253344 5.299579367 5.299812705 5.299953027 5.3 5.3 5.3 5.3 5.3 5.3 5.3 5.3 5.3 5.3 5.3 5.3 5.3 5.3 5.3 5.3 5.3 5.3 5.3 5.3 5.3 5.3 5.3 5.3 5.3 5.3 5.3 5.3 5.3 5.3 5.3 5.3 5.3 5.3 5.3 5.3 5.3 5.3 5.3 5.3 5.3 5.3 5.3 5.3 5.3 5.3 5.3 5.3 5.3 5.3 5.3 5.3 5.3 5.3 5.3 5.3 5.3 5.3 5.3 5.3 5.3 5.3 5.3 5.3 5.3 5.3 5.3 5.3 5.3 5.3 5.3 5.3 5.3 5.3 5.3 5.3 5.3 5.3 5.3 5.3 5.3 5.3 5.3 5.3 5.3 5.3 5.3 5.3 5.3 5.3 5.3 5.3 5.3 5.3 5.3 5.3 5.3 5.3 5.3 5.3 5.3 5.3 5.3 5.3 5.3 5.3 5.3 5.3 5.3 5.3 5.3 5.3 5.3 5.3 5.3 5.3 5.3 5.3 5.3 5.3 5.3 5.3 5.3 5.3 5.3 5.3 5.3 5.3
12 6 10 4 0 0 0 0 0 0 0 0 0 0 0 0 0 0 0 0 0 0 0 0 0 0 0 0 0 0 0 0 0 0 0 0 0 0 0 0 0.00593285955 0.0131673919 0.02116937044 0.02991927618 0.03939759012 0.04958479328 0.06046136667 0.0720077913 0.08420454818 0.09703211831 0.1104709827 0.1245016224 0.1391045184 0.1542601517 0.1699490033 0.1861515542 0.2028482854 0.220019678 0.2376462129 0.2557083712 0.2741866339 0.293061482 0.3123133964 0.3319228583 0.3518703486 0.3721363483 0.3927013384 0.4135458 0.434650214 0.4559950616 0.4775608235 0.499327981 0.521277015 0.5433884065 0.5659633787 0.589937502 0.6153169022 0.6420398291 0.6700445323 0.6992692616 0.7296522666 0.761131797 0.7936461024 0.8271334327 0.8615320375 0.8967801664 0.9328160692 0.9695779955 1.007004195 1.045032917 1.083602412 1.12265093 1.162116719 1.20193803 1.242053112 1.282400216 1.32291759 1.363543484 1.404216149 1.444873833 1.485454787 1.52589726 1.566139502 1.606119762 1.64577629 1.685047337 1.723871151 1.762185982 1.8000856 1.838621694 1.87794653 1.917991945 1.958689776 1.999971861 2.041770037 2.084016142 2.126642012 2.169579486 2.2127604 2.256116591 2.299579898 2.343082158 2.386555207 2.429930884 2.473141025 2.516117467 2.558792049 2.601096608 2.64296298 2.684323004 2.725108516 2.765251354 2.804683355 2.843336356 2.881142196 2.91803271 2.953939738 2.988795115 3.022530679 3.055078268 3.086369719 3.116336869 3.144943344 3.172965913 3.200753169 3.228292021 3.255569374 3.282572136 3.309287215 3.335701516 3.361801947 3.387575415 3.413008826 3.438089089 3.462803109 3.487137793 3.511080049 3.534616784 3.557734904 3.580421316 3.602662928 3.624446646 3.645759377 3.666588029 3.686919508 3.706740721 3.726038575 3.744799977 3.763011834 3.780661053 3.797734541 3.814219205 3.830101952 3.845369689 3.860009322 3.874007759 3.887351906 3.887377829 3.887377829 3.887377829 3.887377829 3.887377829 3.887377829 3.887377829 3.887377829 3.887377829 3.887377829 3.887377829 3.887377829 3.887377829 3.887377829 3.887377829 3.887377829 3.887377829 3.887377829 3.887377829 3.887377829 3.887377829 3.887377829 3.887377829 3.887377829 3.887377829 3.887377829 3.887377829 3.887377829 3.887377829 3.887377829 3.887377829 3.887377829 3.887377829 3.887377829 3.887377829 3.887377829 3.887377829 3.887377829 3.887377829 3.887377829 3.887377829 3.887377829 3.887377829 3.887377829 3.887377829 3.887377829 3.887377829 3.887377829 3.887377829 3.887377829 3.887377829 3.887377829 3.887377829 3.887377829 3.887377829 3.887377829 3.887377829 3.887377829 3.887377829 3.887377829 3.887377829 3.887377829 3.887377829 3.887377829 3.887377829 3.887377829 3.887377829 3.887377829 3.887377829 3.887377829 3.887377829 3.887377829 3.887377829 3.887377829 3.887377829 3.887377829 3.887377829 3.887377829 3.887377829 3.887377829 3.887377829 3.887377829 3.887377829 3.887377829 3.887377829 3.887377829 3.887377829 3.887377829 3.887377829 3.887377829 3.887377829 3.887377829 3.887377829 3.887377829 3.887377829 3.887377829 3.887377829 3.887377829 3.887377829 3.887377829 3.887377829 3.887377829 3.887377829 3.887377829 3.887377829 3.887377829 3.887377829 3.887377829 3.887377829 3.887377829 3.887377829 3.887377829 3.887377829 3.887377829 3.887377829 3.887377829 3.887377829 3.887377829 3.887377829 3.887377829 3.887377829 3.887377829 3.887377829 3.887377829 3.887377829 3.887377829 3.887377829
12 6 10 5 0 0 0 0 0 0 0 0 0 0 0 0 0 0 0 0 0 0 0 0 0 0 0 0 0 0.3066811209 1.106018224 1.901131297 2.691433287 3.476361732 4.255403058 5.028109336 5.794115264 6.553157684 7.305099124 8.049956842 8.787939049 9.51949047 10.24534996 10.96662371 11.68487848 12.40226071 13.12164859 13.84684564 14.58282571 15.33603866 16.11478281 16.92963901 17.79393432 18.72414582 19.74004056 20.86413568 22.11971117 23.52611752 25.08970335 26.78907999 28.55622501 30.26173275 31.72110584 32.73786306 33.17488802 33.01118292 32.34545825 31.35607025 30.20652789 29.02073492 27.87699283 26.81587636 25.85256997 24.9875005 24.21366259 23.52104917 22.89907846 22.33779217 21.82835817 21.36320522 20.93597813 20.54141581 20.17520565 19.8338401 19.5144867 19.21487543 18.93320336 18.6680552 18.41833756 18.18322482 17.9621147 17.75459168 17.56039696 17.37940367 17.21159641 17.05705428 16.91593679 16.78847212 16.67494728 16.5756999 16.49111122 16.42160029 16.36761899 16.32874801 16.30219381 16.28705692 16.28261813 16.28817521 16.30304096 16.32654151 16.35801481 16.39680939 16.44228321 16.49380269 16.55074188 16.61248164 16.67840904 16.74791673 16.82040246 16.89526857 16.97192161 17.04977197 17.12823356 17.20672349 17.28466184 17.36147141 17.43657748 17.50940768 17.57939176 17.64596144 17.70855031 17.76659363 17.81952828 17.86679259 17.90782629 17.94207039 17.96896709 17.98795973 17.99849269 18.00001135 17.99423036 17.98492955 17.97218115 17.95598302 17.93633376 17.91323262 17.8866795 17.85667493 17.82321995 17.78631619 17.74596576 17.70217124 17.65493567 17.6042625 17.55015562 17.49261924 17.43165797 17.36727675 17.29948083 17.22827577 17.1536674 17.07566185 16.99426547 16.90948488 16.82132691 16.72979862 16.63490726 16.53666028 16.43506532 16.33013017 16.22186282 16.11027138 15.99536413 15.87714947 15.75563594 15.63083221 15.50274707 15.50248863 15.50248863 15.50248863 15.50248863 15.50248863 15.50248863 15.50248863 15.50248863 15.50248863 15.50248863 15.50248863 15.50248863 15.50248863 15.50248863 15.50248863 15.50248863 15.50248863 15.50248863 15.50248863 15.50248863 15.50248863 15.50248863 15.50248863 15.50248863 15.50248863 15.50248863 15.50248863 15.50248863 15.50248863 15.50248863 15.50248863 15.50248863 15.50248863 15.50248863 15.50248863 15.50248863 15.50248863 15.50248863 15.50248863 15.50248863 15.50248863 15.50248863 15.50248863 15.50248863 15.50248863 15.50248863 15.50248863 15.50248863 15.50248863 15.50248863 15.50248863 15.50248863 15.50248863 15.50248863 15.50248863 15.50248863 15.50248863 15.50248863 15.50248863 15.50248863 15.50248863 15.50248863 15.50248863 15.50248863 15.50248863 15.50248863 15.50248863 15.50248863 15.50248863 15.50248863 15.50248863 15.50248863 15.50248863 15.50248863 15.50248863 15.50248863 15.50248863 15.50248863 15.50248863 15.50248863 15.50248863 15.50248863 15.50248863 15.50248863 15.50248863 15.50248863 15.50248863 15.50248863 15.50248863 15.50248863 15.50248863 15.50248863 15.50248863 15.50248863 15.50248863 15.50248863 15.50248863 15.50248863 15.50248863 15.50248863 15.50248863 15.50248863 15.50248863 15.50248863 15.50248863 15.50248863 15.50248863 15.50248863 15.50248863 15.50248863 15.50248863 15.50248863 15.50248863 15.50248863 15.50248863 15.50248863 15.50248863 15.50248863 15.50248863 15.50248863 15.50248863 15.50248863 15.50248863 15.50248863 15.50248863 15.50248863 15.50248863
12 6 11 5 29.24669246 29.24677036 29.24685057 29.24693314 29.24701815 29.24710566 29.24719574 29.24728846 29.24738389 29.24748211 29.24758317 29.24768717 29.24779418 29.24790427 29.24801752 29.24813401 29.24825383 29.24837706 29.24850378 29.24863408 29.24876803 29.24890574 29.24904728 29.24919275 29.24934223 29.24949582 29.24965359 29.24981565 29.24998208 29.25015297 29.25032841 29.25050848 29.25069328 29.25088289 29.25107739 29.25127686 29.25148139 29.25169105 29.25190591 29.25212604 29.2523515 29.25258236 29.25281866 29.25306046 29.25330779 29.25356068 29.25381915 29.25408322 29.25435287 29.25462811 29.25490889 29.25519518 29.25548691 29.25578401 29.25608636 29.25639385 29.25670633 29.25702361 29.25734549 29.25767172 29.25800203 29.2583361 29.25867357 29.25901403 29.25935701 29.259702 29.26004842 29.26039562 29.2607429 29.26108944 29.26143437 29.26177671 29.2621154 29.26244923 29.26277691 29.263097 29.26340793 29.26370799 29.26399527 29.26426772 29.26452309 29.26475891 29.2649725 29.26516094 29.26532104 29.26544934 29.26554208 29.26559516 29.26560416 29.26556426 29.26547024 29.26531645 29.2650968 29.26480468 29.26443295 29.26397392 29.26341929 29.26276011 29.26198677 29.26108891 29.26005543 29.25887441 29.25753309 29.2560178 29.25431393 29.25240593 29.2502772 29.24791011 29.24528592 29.24238482 29.23918585 29.23566692 29.23180481 29.22757517 29.22295256 29.21791049 29.21242149 29.20645717 29.1999884 29.1929854 29.18541792 29.1772555 29.16846769 29.15902435 29.14889604 29.13805438 29.12647252 29.11412562 29.10099143 29.08705091 29.07228883 29.05669449 29.04026243 29.02299315 29.00489386 28.98597914 28.96627163 28.94580258 28.92461231 28.90275053 28.88027645 28.85725867 28.8337748 28.80991079 28.78575988 28.76142124 28.73699826 28.71259642 28.6883209 28.66427392 28.64055184 28.61724227 28.59442112 28.57214989 28.55047334 28.52941757 28.50898883 28.48917304 28.46993619 28.45122557 28.43297186 28.41509196 28.39749235 28.38007279 28.36273019 28.34536217 28.32787036 28.31016294 28.29215652 28.27377713 28.25496055 28.23565181 28.21580426 28.19537832 28.17434001 28.15265953 28.13031 28.10726633 28.0835044 28.05900041 28.03373046 28.00767025 27.9807949 27.95307885 27.92449577 27.89501853 27.86461914 27.83326877 27.80093766 27.76759512 27.73320953 27.69774825 27.66117763 27.62346296 27.58456846 27.56450747 27.56450747 27.56450747 27.56450747 27.56450747 27.56450747 27.56450747 27.56450747 27.56450747 27.56450747 27.56450747 27.56450747 27.56450747 27.56450747 27.56450747 27.56450747 27.56450747 27.56450747 27.56450747 27.56450747 27.56450747 27.56450747 27.56450747 27.56450747 27.56450747 27.56450747 27.56450747 27.56450747 27.56450747 27.56450747 27.56450747 27.56450747 27.56450747 27.56450747 27.56450747 27.56450747 27.56450747 27.56450747 27.56450747 27.56450747 27.56450747 27.56450747 27.56450747 27.56450747 27.56450747 27.56450747 27.56450747 27.56450747 27.56450747 27.56450747 27.56450747 27.56450747 27.56450747 27.56450747 27.56450747 27.56450747 27.56450747 27.56450747 27.56450747 27.56450747 27.56450747 27.56450747 27.56450747 27.56450747 27.56450747 27.56450747 27.56450747 27.56450747 27.56450747 27.56450747 27.56450747 27.56450747 27.56450747 27.56450747 27.56450747 27.56450747 27.56450747 27.56450747 27.56450747 27.56450747 27.56450747 27.56450747 27.56450747 27.56450747 27.56450747 27.56450747 27.56450747 27.56450747 27.56450747 27.56450747 27.56450747 27.56450747 27.56450747 27.56450747 27.56450747 27.56450747 27.56450747 27.56450747 27.56450747 27.56450747 27.56450747 27.56450747 27.56450747 27.56450747 27.56450747
12 6 11 6 0 0 0 0 0 0 0 0 0 0 0 0 0 0 0 0 0 0 0 0.2436707206 2.074845662 3.911456863 5.777971328 7.705058364 9.731979216 11.90874531 14.29795273 16.97566046 20.03012124 23.5565251 27.64543938 32.36300087 37.72321376 43.65775901 49.99540332 56.46663093 62.74283011 68.50211747 73.49640471 77.59200437 80.77194456 83.10852752 84.72458573 85.75896703 86.34330703 86.59015903 86.58935122 86.40908067 86.09912099 85.69455994 85.21927392 84.6888342 84.11279573 83.49643306 82.84202457 82.1497861 81.4185413 80.64619796 79.83735994 79.00402395 78.14729461 77.26798878 76.36692461 75.44497021 74.50307447 73.54228539 72.56375978 71.5687671 70.55868933 69.5350183 68.49935136 67.45338611 66.39891457 65.33781727 64.27205719 63.203674 62.13477843 61.06754695 60.00421679 58.94708117 57.89848492 56.86082039 55.83652356 54.82807048 53.83797395 52.86878036 51.9230668 51.0034383 50.11252534 49.25298137 48.42748059 47.63871587 46.88939669 46.1822473 45.52000492 44.9054181 44.33376302 43.77185068 43.21556795 42.66515042 42.12083799 41.58287375 41.05150283 40.52697147 40.00952602 39.49941211 38.99687386 38.50215312 38.0154888 37.53711633 37.06726702 36.60616768 36.15404013 35.71110083 35.27756064 34.85362448 34.43949114 34.03535316 33.64139666 33.2578013 32.88474021 32.52238002 32.17088091 31.83039664 31.50107468 31.18305631 30.87647681 30.5814656 30.29814642 30.0266376 29.76705221 29.51949833 29.28407931 29.06089399 28.84992762 28.64929868 28.45826227 28.27676993 28.10477003 27.94220802 27.78902669 27.64516646 27.5105656 27.38516048 27.26888583 27.16167493 27.06345989 26.9741718 26.89374098 26.82209718 26.75916973 26.70488776 26.65918032 26.6219766 26.59320601 26.57279838 26.56068406 26.55679403 26.56106004 26.57341471 26.59379159 26.62212528 26.65835152 26.70240721 26.75423053 26.81376096 26.88093934 26.95570793 27.0380104 27.12779194 27.2249992 27.32958039 27.44148523 27.44171544 27.44171544 27.44171544 27.44171544 27.44171544 27.44171544 27.44171544 27.44171544 27.44171544 27.44171544 27.44171544 27.44171544 27.44171544 27.44171544 27.44171544 27.44171544 27.44171544 27.44171544 27.44171544 27.44171544 27.44171544 27.44171544 27.44171544 27.44171544 27.44171544 27.44171544 27.44171544 27.44171544 27.44171544 27.44171544 27.44171544 27.44171544 27.44171544 27.44171544 27.44171544 27.44171544 27.44171544 27.44171544 27.44171544 27.44171544 27.44171544 27.44171544 27.44171544 27.44171544 27.44171544 27.44171544 27.44171544 27.44171544 27.44171544 27.44171544 27.44171544 27.44171544 27.44171544 27.44171544 27.44171544 27.44171544 27.44171544 27.44171544 27.44171544 27.44171544 27.44171544 27.44171544 27.44171544 27.44171544 27.44171544 27.44171544 27.44171544 27.44171544 27.44171544 27.44171544 27.44171544 27.44171544 27.44171544 27.44171544 27.44171544 27.44171544 27.44171544 27.44171544 27.44171544 27.44171544 27.44171544 27.44171544 27.44171544 27.44171544 27.44171544 27.44171544 27.44171544 27.44171544 27.44171544 27.44171544 27.44171544 27.44171544 27.44171544 27.44171544 27.44171544 27.44171544 27.44171544 27.44171544 27.44171544 27.44171544 27.44171544 27.44171544 27.44171544 27.44171544 27.44171544 27.44171544 27.44171544 27.44171544 27.44171544 27.44171544 27.44171544 27.44171544 27.44171544 27.44171544 27.44171544 27.44171544 27.44171544 27.44171544 27.44171544 27.44171544 27.44171544 27.44171544 27.44171544 27.44171544 27.44171544 27.44171544 27.44171544
14 7 7 4 0 0 0 0 0.0003326306488 0.01997515274 0.09843125664 0.2805452867 0.6253198607 1.212523497 2.149242605 3.575054272 5.661391436 8.596044445 12.53880232 17.53603416 23.40550664 29.65607139 35.54825777 40.33555575 43.5524807 45.1411631 45.36002737 44.59760889 43.22518622 41.53018088 39.70801074 37.87945317 36.11283473 34.4426409 32.88279644 31.43537609 30.09603246 28.85725753 27.71028094 26.64613553 25.65622506 24.73260003 23.86806602 23.05619902 22.29131151 21.56839498 20.88305335 20.23143554 19.61017121 19.01631189 18.4472836 17.90101573 17.37562252 16.8693717 16.38074483 15.90841017 15.45119901 15.00808521 14.5781673 14.16065295 13.75484538 13.36013148 12.97597147 12.6018897 12.23746671 11.88233211 11.53615838 11.19865538 10.86956545 10.54865913 10.23573136 9.930598059 9.633093155 9.343065942 9.060378717 8.784904715 8.516526278 8.255133241 8.000621524 7.752891894 7.511848885 7.277399871 7.049454263 6.827922818 6.612717068 6.403748828 6.200929799 6.004171247 5.813383744 5.628476977 5.449359605 5.275939173 5.108338811 4.961745755 4.844617096 4.755711635 4.693787119 4.657600335 4.645907204 4.657462903 4.691021989 4.745338533 4.819166256 4.911258673 5.020369237 5.145251477 5.284659144 5.437346345 5.60206768 5.777578374 5.962634394 6.155992575 6.356410728 6.562647746 6.773463703 6.987619944 7.203879169 7.42100551 7.637764599 7.852923632 8.065251424 8.273518455 8.476496912 8.672960729 8.861685612 9.041449061 9.211030393 9.369210753 9.514773118 9.646502306 9.763184972 9.863609602 9.946566507 10.01084781 10.05529306 10.09121338 10.12795247 10.16540104 10.20345152 10.24199798 10.28093618 10.3201635 10.35957888 10.39908287 10.43857749 10.4779663 10.51715428 10.55604786 10.59455484 10.63258437 10.67004693 10.70685426 10.74291937 10.77815645 10.81248088 10.84580918 10.87805898 10.90914895 10.93899883 10.96752936 10.99466224 11.02032011 11.04442654 11.06690596 11.08768365 11.10668572 11.12383907 11.13907135 11.15231097 11.16348703 11.17252933 11.17936833 11.18393513 11.18616141 11.1859795 11.18332224 11.17812306 11.17811012 11.17811012 11.17811012 11.17811012 11.17811012 11.17811012 11.17811012 11.17811012 11.17811012 11.17811012 11.17811012 11.17811012 11.17811012 11.17811012 11.17811012 11.17811012 11.17811012 11.17811012 11.17811012 11.17811012 11.17811012 11.17811012 11.17811012 11.17811012 11.17811012 11.17811012 11.17811012 11.17811012 11.17811012 11.17811012 11.17811012 11.17811012 11.17811012 11.17811012 11.17811012 11.17811012 11.17811012 11.17811012 11.17811012 11.17811012 11.17811012 11.17811012 11.17811012 11.17811012 11.17811012 11.17811012 11.17811012 11.17811012 11.17811012 11.17811012 11.17811012 11.17811012 11.17811012 11.17811012 11.17811012 11.17811012 11.17811012 11.17811012 11.17811012 11.17811012 11.17811012 11.17811012 11.17811012 11.17811012 11.17811012 11.17811012 11.17811012 11.17811012 11.17811012 11.17811012 11.17811012 11.17811012 11.17811012 11.17811012 11.17811012 11.17811012 11.17811012 11.17811012 11.17811012 11.17811012 11.17811012 11.17811012 11.17811012 11.17811012 11.17811012 11.17811012 11.17811012 11.17811012 11.17811012 11.17811012 11.17811012 11.17811012 11.17811012 11.17811012 11.17811012 11.17811012 11.17811012 11.17811012 11.17811012 11.17811012 11.17811012 11.17811012 11.17811012 11.17811012 11.17811012 11.17811012 11.17811012 11.17811012 11.17811012 11.17811012 11.17811012 11.17811012 11.17811012 11.17811012 11.17811012 11.17811012 11.17811012 11.17811012 11.17811012 11.17811012 11.17811012 11.17811012 11.17811012 11.17811012 11.17811012 11.17811012 11.17811012
14 7 10 4 1.380946777 1.380886442 1.380824315 1.380760346 1.380694483 1.380626673 1.380556864 1.380485001 1.380411027 1.380334886 1.380256519 1.380175866 1.380092867 1.380007459 1.37991958 1.379829164 1.379736147 1.379640461 1.379542039 1.37944081 1.379336706 1.379229655 1.379119584 1.379006421 1.378890091 1.378770519 1.37864763 1.378521347 1.378391593 1.37825829 1.378121361 1.377980727 1.377836309 1.377688029 1.377535809 1.377379571 1.377219237 1.37705473 1.376885975 1.376712897 1.376535423 1.376353481 1.376167002 1.37597592 1.37578017 1.375579692 1.375374428 1.375164327 1.374949339 1.374729422 1.374504539 1.37427466 1.374039762 1.37379983 1.373554857 1.373304848 1.373049817 1.372789791 1.372524809 1.372254924 1.371980206 1.37170074 1.371416631 1.371128004 1.370835004 1.370537801 1.37023659 1.369931595 1.369623069 1.369311298 1.368996602 1.368679341 1.368359915 1.368038768 1.367716393 1.367393333 1.367070187 1.366747614 1.366426337 1.366107149 1.365790914 1.365478579 1.365171175 1.364869824 1.364575748 1.364290271 1.364014832 1.36375099 1.363500432 1.363264982 1.363046612 1.362847449 1.362669786 1.362516096 1.362389038 1.362291473 1.362226475 1.362197342 1.362207613 1.362261079 1.3623618 1.362514114 1.362722659 1.362992386 1.36332857 1.363736833 1.364223152 1.364793881 1.365455759 1.366215932 1.367081957 1.368061823 1.369163955 1.370397224 1.371770957 1.373294933 1.374979392 1.37683502 1.37887295 1.38110474 1.383542354 1.386198134 1.389084764 1.392215218 1.395602708 1.399260613 1.403202393 1.407441496 1.411991243 1.416864697 1.422074514 1.427632778 1.433550809 1.439838953 1.446506356 1.453560707 1.461007969 1.468852088 1.477094684 1.48573473 1.494768223 1.504187849 1.513982652 1.524137718 1.534633871 1.545447419 1.556549928 1.567908067 1.579483529 1.591233043 1.603108494 1.615057166 1.627022132 1.638942788 1.650755551 1.662394717 1.673793481 1.684885109 1.695604233 1.70588825 1.715678782 1.724923145 1.733575771 1.741599514 1.748966781 1.7556604 1.761674185 1.767013122 1.77169316 1.775740571 1.779190909 1.782087588 1.784480167 1.792018147 1.799348128 1.806520696 1.813595896 1.820630618 1.827677325 1.83478317 1.841989533 1.849331947 1.856840369 1.864539718 1.872450586 1.880590034 1.888972393 1.897609999 1.906513835 1.91569404 1.925160303 1.934922144 1.944989106 1.95537088 1.966077381 1.792363248 1.792363251 1.792363252 1.792363252 1.792363252 1.792363252 1.792363252 1.792363252 1.792363252 1.792363252 1.792363252 1.792363252 1.792363252 1.792363252 1.792363252 1.792363252 1.792363252 1.792363252 1.792363252 1.792363252 1.792363252 1.792363252 1.792363252 1.792363252 1.792363252 1.792363252 1.792363252 1.792363252 1.792363252 1.792363252 1.792363252 1.792363252 1.792363252 1.792363252 1.792363252 1.792363252 1.792363252 1.792363252 1.792363252 1.792363252 1.792363252 1.792363252 1.792363252 1.792363252 1.792363252 1.792363252 1.792363252 1.792363252 1.792363252 1.792363252 1.792363252 1.792363252 1.792363252 1.792363252 1.792363252 1.792363252 1.792363252 1.792363252 1.792363252 1.792363252 1.792363252 1.792363252 1.792363252 1.792363252 1.792363252 1.792363252 1.792363252 1.792363252 1.792363252 1.792363252 1.792363252 1.792363252 1.792363252 1.792363252 1.792363252 1.792363252 1.792363252 1.792363252 1.792363252 1.792363252 1.792363252 1.792363252 1.792363252 1.792363252 1.792363252 1.792363252 1.792363252 1.792363252 1.792363252 1.792363252 1.792363252 1.792363252 1.792363252 1.792363252 1.792363252 1.792363252 1.792363252 1.792363252 1.792363252 1.792363252 1.792363252 1.792363252 1.792363252 1.792363252 1.792363252
14 7 10 5 8.196411009 8.32542305 8.453186244 8.579631747 8.704692669 8.828304126 8.950403293 9.070929443 9.18982399 9.307030528 9.422494855 9.536165011 9.64799129 9.757926271 9.865924824 9.971944128 10.07594368 10.17788529 10.27773311 10.37545358 10.4710155 10.56438993 10.65555026 10.74447217 10.83113357 10.91551465 10.99759782 11.07736767 11.154811 11.22991673 11.30267588 11.37308159 11.44112901 11.5068153 11.57013959 11.63110293 11.68970825 11.7459603 11.79986563 11.8514325 11.90067088 11.94759236 11.99221009 12.03453876 12.07459453 12.11239493 12.14795888 12.18130656 12.21245938 12.24143993 12.26827189 12.29297999 12.31558992 12.33612829 12.35462259 12.37110106 12.38559269 12.3981271 12.40873454 12.41744579 12.42429209 12.4293051 12.43251684 12.43395961 12.43366595 12.43166858 12.42800034 12.42269412 12.41578285 12.40729939 12.39727652 12.38574689 12.37274295 12.35829692 12.34244073 12.32520601 12.306624 12.28672557 12.26554112 12.24310061 12.21943346 12.19456857 12.16853427 12.1413583 12.11306775 12.0836891 12.05324812 12.02176992 11.98927889 11.95579869 11.92135224 11.88596169 11.84964844 11.81243308 11.77433544 11.73537452 11.69556852 11.65493484 11.61349004 11.57124987 11.52822926 11.4844423 11.43990227 11.39462161 11.34861196 11.30188412 11.25444807 11.20631301 11.15748729 11.10797851 11.05779344 11.00693808 10.95541766 10.90323663 10.85039871 10.79690684 10.74276326 10.68796946 10.63252624 10.5764337 10.51969126 10.46229766 10.40425101 10.34554877 10.28618778 10.2261643 10.16547398 10.10411192 10.04207268 9.979350279 9.915938257 9.851829659 9.787017077 9.721492673 9.655248198 9.588275026 9.520564175 9.452106341 9.382891924 9.312911059 9.242153652 9.17060941 9.098267878 9.025118478 8.951150543 8.876353359 8.800716209 8.724228413 8.646879377 8.568658636 8.489555909 8.409561143 8.328664574 8.246856778 8.164128727 8.080471855 7.995878114 7.946057975 7.946057975 7.946057975 7.946057975 7.946057975 7.946057975 7.946057975 7.946057975 7.946057975 7.946057975 7.946057975 7.946057975 7.946057975 7.946057975 7.946057975 7.946057975 7.946057975 7.946057975 7.946057975 7.946057975 7.946057975 7.946057975 7.946057975 7.946057975 7.946057975 7.946057975 7.946057975 7.946057975 7.946057975 7.946057975 7.946057975 7.946057975 7.946057975 7.946057975 7.946057975 7.946057975 7.946057975 7.946057975 7.946057975 7.946057975 7.946057975 7.946057975 7.946057975 7.946057975 7.946057975 7.946057975 7.946057975 7.946057975 7.946057975 7.946057975 7.946057975 7.946057975 7.946057975 7.946057975 7.946057975 7.946057975 7.946057975 7.946057975 7.946057975 7.946057975 7.946057975 7.946057975 7.946057975 7.946057975 7.946057975 7.946057975 7.946057975 7.946057975 7.946057975 7.946057975 7.946057975 7.946057975 7.946057975 7.946057975 7.946057975 7.946057975 7.946057975 7.946057975 7.946057975 7.946057975 7.946057975 7.946057975 7.946057975 7.946057975 7.946057975 7.946057975 7.946057975 7.946057975 7.946057975 7.946057975 7.946057975 7.946057975 7.946057975 7.946057975 7.946057975 7.946057975 7.946057975 7.946057975 7.946057975 7.946057975 7.946057975 7.946057975 7.946057975 7.946057975 7.946057975 7.946057975 7.946057975 7.946057975 7.946057975 7.946057975 7.946057975 7.946057975 7.946057975 7.946057975 7.946057975 7.946057975 7.946057975 7.946057975 7.946057975 7.946057975 7.946057975 7.946057975 7.946057975 7.946057975 7.946057975 7.946057975 7.946057975 7.946057975 7.946057975 7.946057975 7.946057975 7.946057975 7.946057975 7.946057975 7.946057975 7.946057975 7.946057975 7.946057975 7.946057975 7.946057975 7.946057975 7.946057975 7.946057975
14 7 11 5 17.42896595 17.42902384 17.42908355 17.42914514 17.42920866 17.42927417 17.42934174 17.42941143 17.42948332 17.42955746 17.42963392 17.42971279 17.42979414 17.42987804 17.42996458 17.43005383 17.43014588 17.43024083 17.43033875 17.43043975 17.43054392 17.43065136 17.43076217 17.43087645 17.43099432 17.43111589 17.43124127 17.43137057 17.43150393 17.43164146 17.4317833 17.43192958 17.43208043 17.432236 17.43239643 17.43256187 17.43273247 17.4329084 17.4330898 17.43327684 17.43346971 17.43366856 17.43387359 17.43408497 17.43430289 17.43452754 17.43475913 17.43499785 17.4352439 17.43549751 17.43575887 17.43602822 17.43630578 17.43659176 17.43688641 17.43718994 17.43750261 17.43782465 17.43815629 17.43849779 17.43884938 17.4392113 17.43958381 17.43996714 17.44036153 17.44076722 17.44118444 17.44161341 17.44205436 17.44250748 17.44297298 17.44345103 17.44394181 17.44444546 17.4449621 17.44549184 17.44603474 17.44659084 17.44716013 17.44774257 17.44833806 17.44894644 17.44956751 17.45020096 17.45084644 17.45150348 17.45217153 17.45284992 17.45353785 17.45423439 17.45493845 17.45564878 17.45636392 17.45708223 17.45780181 17.45852051 17.45923593 17.45994531 17.4606456 17.46133334 17.46200467 17.4626553 17.46328043 17.46387475 17.46443235 17.4649467 17.46541059 17.46581608 17.46615441 17.46641599 17.46659032 17.46666588 17.46663015 17.46646948 17.46616905 17.46571281 17.46508344 17.46426226 17.46322923 17.4619629 17.46044039 17.4586374 17.45652824 17.45408586 17.45128192 17.44808694 17.44447044 17.4404011 17.43584709 17.43077632 17.42515685 17.41895731 17.41214743 17.40469867 17.39658479 17.38778268 17.37827311 17.36804162 17.35707935 17.34538402 17.33296079 17.31982312 17.30599354 17.29150427 17.27639769 17.26072655 17.24455384 17.22795238 17.21100399 17.19379818 17.17643041 17.15899996 17.1416073 17.12435116 17.10732533 17.09061541 17.07429554 17.05842547 17.04304804 17.02818734 17.01384769 17.00001357 16.98665057 16.97370731 16.96111824 16.9488071 16.93669078 16.92468333 16.91269966 16.9006588 16.8884864 16.87611635 16.86349159 16.85056399 16.83729372 16.82364804 16.80959995 16.79512681 16.78020898 16.76482876 16.74896957 16.73261527 16.71574982 16.69835696 16.68042006 16.66192207 16.64284542 16.62317198 16.6028831 16.58195953 16.56038139 16.53812822 16.51517891 16.49151167 16.46710404 16.45451507 16.45451507 16.45451507 16.45451507 16.45451507 16.45451507 16.45451507 16.45451507 16.45451507 16.45451507 16.45451507 16.45451507 16.45451507 16.45451507 16.45451507 16.45451507 16.45451507 16.45451507 16.45451507 16.45451507 16.45451507 16.45451507 16.45451507 16.45451507 16.45451507 16.45451507 16.45451507 16.45451507 16.45451507 16.45451507 16.45451507 16.45451507 16.45451507 16.45451507 16.45451507 16.45451507 16.45451507 16.45451507 16.45451507 16.45451507 16.45451507 16.45451507 16.45451507 16.45451507 16.45451507 16.45451507 16.45451507 16.45451507 16.45451507 16.45451507 16.45451507 16.45451507 16.45451507 16.45451507 16.45451507 16.45451507 16.45451507 16.45451507 16.45451507 16.45451507 16.45451507 16.45451507 16.45451507 16.45451507 16.45451507 16.45451507 16.45451507 16.45451507 16.45451507 16.45451507 16.45451507 16.45451507 16.45451507 16.45451507 16.45451507 16.45451507 16.45451507 16.45451507 16.45451507 16.45451507 16.45451507 16.45451507 16.45451507 16.45451507 16.45451507 16.45451507 16.45451507 16.45451507 16.45451507 16.45451507 16.45451507 16.45451507 16.45451507 16.45451507 16.45451507 16.45451507 16.45451507 16.45451507 16.45451507 16.45451507 16.45451507 16.45451507 16.45451507 16.45451507 16.45451507
14 7 11 6 37.27536618 40.57681473 44.43231842 48.95220566 54.2609652 60.48704777 67.73685459 76.03900621 85.2396816 94.83569032 103.7766531 110.3850312 112.6803039 109.265749 100.2944456 87.55807695 73.53658738 60.21982771 48.67381573 39.20807107 31.70390373 25.87235834 21.39680744 17.99376507 15.43039362 13.52320512 12.13037879 11.14310149 10.47791144 10.0705368 9.871152017 9.840803803 9.948744654 10.17044947 10.48613887 10.87967602 11.33773846 11.84919285 12.40461993 12.99595127 13.61618972 14.25919285 14.9195041 15.59222041 16.27288766 16.95741776 17.64202248 18.32316032 18.99749365 19.66185407 20.3132141 20.9486641 21.56539327 22.16067402 22.73184898 23.2763203 23.79154061 24.27500554 24.72424743 25.13683002 25.51034395 25.842403 26.13064085 26.37270838 26.56627127 26.70900806 26.79860844 26.83277173 26.81998788 26.77912637 26.71158155 26.61838476 26.50057219 26.35918431 26.19526529 26.00986255 25.8040264 25.57880965 25.33526731 25.07445633 24.79743536 24.50526458 24.19900545 23.87972063 23.5484738 23.20632953 22.85435322 22.49361096 22.12516946 21.75009599 21.36945831 20.98432461 20.59576346 20.20484378 19.81263478 19.42020592 19.02862693 18.63896772 18.25229839 17.86968922 17.49221061 17.12093311 16.75692737 16.40126416 16.05501432 15.71924877 15.39503851 15.08345461 14.78556818 14.50245039 14.23517244 13.98480559 13.75242112 13.53909035 13.34588461 13.17387528 13.02413374 12.8977314 12.79573968 12.71923003 12.66692359 12.61969896 12.573135 12.52724181 12.48202949 12.43750815 12.39368791 12.3505789 12.30819125 12.26653509 12.22562055 12.18545779 12.14605694 12.10742816 12.06958159 12.03252739 11.99627572 11.96083673 11.92622058 11.89243743 11.85949744 11.82741078 11.7961876 11.76583808 11.73637238 11.70780066 11.6801331 11.65337985 11.62755109 11.60265698 11.5787077 11.55571341 11.53368429 11.51263049 11.4925622 11.47348958 11.4554228 11.43837203 11.42234745 11.40735922 11.39341751 11.38053251 11.36871437 11.35797326 11.34831937 11.33976286 11.3323139 11.32598266 11.32077932 11.31671404 11.31379701 11.31203838 11.31144834 11.31144833 11.31144833 11.31144833 11.31144833 11.31144833 11.31144833 11.31144833 11.31144833 11.31144833 11.31144833 11.31144833 11.31144833 11.31144833 11.31144833 11.31144833 11.31144833 11.31144833 11.31144833 11.31144833 11.31144833 11.31144833 11.31144833 11.31144833 11.31144833 11.31144833 11.31144833 11.31144833 11.31144833 11.31144833 11.31144833 11.31144833 11.31144833 11.31144833 11.31144833 11.31144833 11.31144833 11.31144833 11.31144833 11.31144833 11.31144833 11.31144833 11.31144833 11.31144833 11.31144833 11.31144833 11.31144833 11.31144833 11.31144833 11.31144833 11.31144833 11.31144833 11.31144833 11.31144833 11.31144833 11.31144833 11.31144833 11.31144833 11.31144833 11.31144833 11.31144833 11.31144833 11.31144833 11.31144833 11.31144833 11.31144833 11.31144833 11.31144833 11.31144833 11.31144833 11.31144833 11.31144833 11.31144833 11.31144833 11.31144833 11.31144833 11.31144833 11.31144833 11.31144833 11.31144833 11.31144833 11.31144833 11.31144833 11.31144833 11.31144833 11.31144833 11.31144833 11.31144833 11.31144833 11.31144833 11.31144833 11.31144833 11.31144833 11.31144833 11.31144833 11.31144833 11.31144833 11.31144833 11.31144833 11.31144833 11.31144833 11.31144833 11.31144833 11.31144833 11.31144833 11.31144833 11.31144833 11.31144833 11.31144833 11.31144833 11.31144833 11.31144833 11.31144833 11.31144833 11.31144833 11.31144833 11.31144833 11.31144833 11.31144833 11.31144833 11.31144833 11.31144833 11.31144833 11.31144833 11.31144833 11.31144833 11.31144833 11.31144833
14 7 13 7 0.1687026428 0.3163496605 0.53156531 0.8293772573 1.226385575 1.740591218 2.390970225 3.196717386 4.176082398 5.344745388 6.713738058 8.287020082 10.05896506 12.01217182 14.11614249 16.32738402 18.59132729 20.84610352 23.02774652 25.0759639 26.93941737 28.57957122 29.97256326 31.10906123 31.99250034 32.63633104 33.0609228 33.29063496 33.35136749 33.26871905 33.06674333 32.76721709 32.38930289 31.94948997 31.46171436 30.93758131 30.38663556 29.81664285 29.23386075 28.64328631 28.04887509 27.45410619 26.86227943 26.27528515 25.69453027 25.12106738 24.55566963 23.99889137 23.45111722 22.91260149 22.38349974 21.86389394 21.35381228 20.85324494 20.3621562 19.88049397 19.40819689 18.94519979 18.49143759 18.04684805 17.61137363 17.18496259 16.76756948 16.35915523 15.95968683 15.56913679 15.18748239 14.81470478 14.45078802 14.09571804 13.74948161 13.41206529 13.0834544 12.76363215 12.45257861 12.15027001 11.85667789 11.57176851 11.2955022 11.02783294 10.7687079 10.51806717 10.27584352 10.04196223 9.816341075 9.600923523 9.39910299 9.210537319 9.034801129 8.87146217 8.720081621 8.580214419 8.451409625 8.333210815 8.225156494 8.126780531 8.037612594 7.957178604 7.885001186 7.820600115 7.763492766 7.713194548 7.669219329 7.631079852 7.598288129 7.570355821 7.546794603 7.527116502 7.510834221 7.497461436 7.48651308 7.477505599 7.469957187 7.463388001 7.457320361 7.451278919 7.444790816 7.437385822 7.428596449 7.417958056 7.405008933 7.389290373 7.370346722 7.347725429 7.320977067 7.289655358 7.253317174 7.21152254 7.163834616 7.113482307 7.065181027 7.018785393 6.974124522 6.931030505 6.889338353 6.848885949 6.809513983 6.771065898 6.733387825 6.696328517 6.659739286 6.623473933 6.58738868 6.551342104 6.515195062 6.478810627 6.442054018 6.404792529 6.366895463 6.328234066 6.288681459 6.248112571 6.206404081 6.163434348 6.119083354 6.073232643 6.025765263 5.976565705 5.925519854 5.872514928 5.817439431 5.760183097 5.700636845 5.63869273 5.574243894 5.507184523 5.437409805 5.364815888 5.289299835 5.210759593 5.129093948 5.044202496 4.9559856 4.955806471 4.955806471 4.955806471 4.955806471 4.955806471 4.955806471 4.955806471 4.955806471 4.955806471 4.955806471 4.955806471 4.955806471 4.955806471 4.955806471 4.955806471 4.955806471 4.955806471 4.955806471 4.955806471 4.955806471 4.955806471 4.955806471 4.955806471 4.955806471 4.955806471 4.955806471 4.955806471 4.955806471 4.955806471 4.955806471 4.955806471 4.955806471 4.955806471 4.955806471 4.955806471 4.955806471 4.955806471 4.955806471 4.955806471 4.955806471 4.955806471 4.955806471 4.955806471 4.955806471 4.955806471 4.955806471 4.955806471 4.955806471 4.955806471 4.955806471 4.955806471 4.955806471 4.955806471 4.955806471 4.955806471 4.955806471 4.955806471 4.955806471 4.955806471 4.955806471 4.955806471 4.955806471 4.955806471 4.955806471 4.955806471 4.955806471 4.955806471 4.955806471 4.955806471 4.955806471 4.955806471 4.955806471 4.955806471 4.955806471 4.955806471 4.955806471 4.955806471 4.955806471 4.955806471 4.955806471 4.955806471 4.955806471 4.955806471 4.955806471 4.955806471 4.955806471 4.955806471 4.955806471 4.955806471 4.955806471 4.955806471 4.955806471 4.955806471 4.955806471 4.955806471 4.955806471 4.955806471 4.955806471 4.955806471 4.955806471 4.955806471 4.955806471 4.955806471 4.955806471 4.955806471 4.955806471 4.955806471 4.955806471 4.955806471 4.955806471 4.955806471 4.955806471 4.955806471 4.955806471 4.955806471 4.955806471 4.955806471 4.955806471 4.955806471 4.955806471 4.955806471 4.955806471 4.955806471 4.955806471 4.955806471 4.955806471 4.955806471
16 8 6 3 8.208994589 8.216524828 8.224040206 8.231541969 8.239031388 8.24650977 8.253978451 8.261438801 8.268892226 8.276340166 8.283784098 8.291225538 8.298666039 8.306107198 8.313550651 8.32099808 8.328451208 8.335911809 8.343381701 8.350862754 8.358356887 8.365866075 8.373392344 8.38093778 8.388504525 8.396094782 8.403710817 8.411354961 8.419029609 8.426737229 8.434480358 8.442261607 8.450083664 8.457949295 8.465861349 8.473822758 8.481836542 8.489905812 8.498033772 8.506223723 8.514479064 8.522803301 8.531200045 8.539673017 8.548226056 8.556863115 8.565588275 8.57440574 8.583319849 8.592335075 8.601456032 8.610687483 8.62003434 8.629501672 8.63909471 8.648818856 8.658679683 8.668682946 8.678834588 8.689140745 8.699607754 8.71024216 8.721050726 8.732040438 8.743218514 8.754592414 8.766169847 8.777958782 8.789967458 8.802204392 8.814678393 8.82739857 8.840374345 8.853615464 8.867132012 8.880934423 8.895033496 8.90944041 8.924166736 8.939224453 8.954625968 8.970384131 8.986512251 9.003024116 9.019934016 9.037256757 9.055007689 9.073202725 9.091858363 9.110991715 9.130620533 9.150763231 9.171438919 9.19266743 9.214469354 9.236866069 9.259879779 9.283533545 9.30785133 9.332858036 9.358579549 9.385042782 9.412275724 9.440307489 9.469168371 9.498889897 9.52950489 9.561047526 9.593553404 9.627059615 9.661604814 9.697229298 9.733975092 9.77188603 9.811007853 9.851388307 9.893077244 9.936126732 9.980591179 10.02652745 10.073995 10.12305603 10.1737756 10.22622185 10.2804661 10.33658308 10.3946511 10.45475229 10.51697276 10.5814029 10.64813758 10.71727646 10.78892425 10.86319103 10.94019259 11.02005075 11.1028938 11.18885683 11.27808226 11.37072022 11.46692914 11.56687623 11.67073811 11.77870144 11.8909636 12.0077334 12.12923193 12.25569341 12.3873661 12.52451333 12.6674146 12.81636679 12.9716854 13.13370601 13.30278576 13.47930507 13.66366938 13.80607029 13.80607029 13.80607029 13.80607029 13.80607029 13.80607029 13.80607029 13.80607029 13.80607029 13.80607029 13.80607029 13.80607029 13.80607029 13.80607029 13.80607029 13.80607029 13.80607029 13.80607029 13.80607029 13.80607029 13.80607029 13.80607029 13.80607029 13.80607029 13.80607029 13.80607029 13.80607029 13.80607029 13.80607029 13.80607029 13.80607029 13.80607029 13.80607029 13.80607029 13.80607029 13.80607029 13.80607029 13.80607029 13.80607029 13.80607029 13.80607029 13.80607029 13.80607029 13.80607029 13.80607029 13.80607029 13.80607029 13.80607029 13.80607029 13.80607029 13.80607029 13.80607029 13.80607029 13.80607029 13.80607029 13.80607029 13.80607029 13.80607029 13.80607029 13.80607029 13.80607029 13.80607029 13.80607029 13.80607029 13.80607029 13.80607029 13.80607029 13.80607029 13.80607029 13.80607029 13.80607029 13.80607029 13.80607029 13.80607029 13.80607029 13.80607029 13.80607029 13.80607029 13.80607029 13.80607029 13.80607029 13.80607029 13.80607029 13.80607029 13.80607029 13.80607029 13.80607029 13.80607029 13.80607029 13.80607029 13.80607029 13.80607029 13.80607029 13.80607029 13.80607029 13.80607029 13.80607029 13.80607029 13.80607029 13.80607029 13.80607029 13.80607029 13.80607029 13.80607029 13.80607029 13.80607029 13.80607029 13.80607029 13.80607029 13.80607029 13.80607029 13.80607029 13.80607029 13.80607029 13.80607029 13.80607029 13.80607029 13.80607029 13.80607029 13.80607029 13.80607029 13.80607029 13.80607029 13.80607029 13.80607029 13.80607029 13.80607029 13.80607029 13.80607029 13.80607029 13.80607029 13.80607029 13.80607029 13.80607029 13.80607029 13.80607029 13.80607029 13.80607029 13.80607029 13.80607029 13.80607029 13.80607029 13.80607029
16 8 7 3 1.617308355 1.647619089 1.678263563 1.709241331 1.740551896 1.772194711 1.804169181 1.836474665 1.869110476 1.902075882 1.935370108 1.96899234 2.002941722 2.037217359 2.071818321 2.106743643 2.141992326 2.17756334 2.213455625 2.249668093 2.286199633 2.323049106 2.360215356 2.397697205 2.435493458 2.473602906 2.512024328 2.550756492 2.589798159 2.629148085 2.668805024 2.70876773 2.74903496 2.789605479 2.83047806 2.871651487 2.913124562 2.954896102 2.99696495 3.03932997 3.081990058 3.12494414 3.16819118 3.21173018 3.255560187 3.299680295 3.344089649 3.388787451 3.433772964 3.479045515 3.5246045 3.570449391 3.616579737 3.662995172 3.70969542 3.756680299 3.803949728 3.851503731 3.899342445 3.947466123 3.995875143 4.044570014 4.093551382 4.142820037 4.192376919 4.242223128 4.292359929 4.342788761 4.393511247 4.444529196 4.49584462 4.547459737 4.599376982 4.65159902 4.704128748 4.756969315 4.810124124 4.86359685 4.917391448 4.971512164 5.025963552 5.080750482 5.135878157 5.191352123 5.247178288 5.303362937 5.359912742 5.416834786 5.474136574 5.531826054 5.589911635 5.648402207 5.707307158 5.7666364 5.826400387 5.886610139 5.947277267 6.008413998 6.070033199 6.132148406 6.194773855 6.257924507 6.321616083 6.385865096 6.450688886 6.516105656 6.582134508 6.648795485 6.716109614 6.784098946 6.852786606 6.922196838 6.99235506 7.063287915 7.135023326 7.207590559 7.281020286 7.355344645 7.430597317 7.506813595 7.584030464 7.66228668 7.741622859 7.822081568 7.903707421 7.986547183 8.070649876 8.156066893 8.242852125 8.331062084 8.420756042 8.511996178 8.604847728 8.699379153 8.795662309 8.893772636 8.993789352 9.095795666 9.199878997 9.306131217 9.414648902 9.525533606 9.638892147 9.75483692 9.873486228 9.994964634 10.11940334 10.2469406 10.37772214 10.51190165 10.64964126 10.79111209 10.93649483 11.08598036 11.23977041 11.39807832 11.56112977 11.68340757 11.68340757 11.68340757 11.68340757 11.68340757 11.68340757 11.68340757 11.68340757 11.68340757 11.68340757 11.68340757 11.68340757 11.68340757 11.68340757 11.68340757 11.68340757 11.68340757 11.68340757 11.68340757 11.68340757 11.68340757 11.68340757 11.68340757 11.68340757 11.68340757 11.68340757 11.68340757 11.68340757 11.68340757 11.68340757 11.68340757 11.68340757 11.68340757 11.68340757 11.68340757 11.68340757 11.68340757 11.68340757 11.68340757 11.68340757 11.68340757 11.68340757 11.68340757 11.68340757 11.68340757 11.68340757 11.68340757 11.68340757 11.68340757 11.68340757 11.68340757 11.68340757 11.68340757 11.68340757 11.68340757 11.68340757 11.68340757 11.68340757 11.68340757 11.68340757 11.68340757 11.68340757 11.68340757 11.68340757 11.68340757 11.68340757 11.68340757 11.68340757 11.68340757 11.68340757 11.68340757 11.68340757 11.68340757 11.68340757 11.68340757 11.68340757 11.68340757 11.68340757 11.68340757 11.68340757 11.68340757 11.68340757 11.68340757 11.68340757 11.68340757 11.68340757 11.68340757 11.68340757 11.68340757 11.68340757 11.68340757 11.68340757 11.68340757 11.68340757 11.68340757 11.68340757 11.68340757 11.68340757 11.68340757 11.68340757 11.68340757 11.68340757 11.68340757 11.68340757 11.68340757 11.68340757 11.68340757 11.68340757 11.68340757 11.68340757 11.68340757 11.68340757 11.68340757 11.68340757 11.68340757 11.68340757 11.68340757 11.68340757 11.68340757 11.68340757 11.68340757 11.68340757 11.68340757 11.68340757 11.68340757 11.68340757 11.68340757 11.68340757 11.68340757 11.68340757 11.68340757 11.68340757 11.68340757 11.68340757 11.68340757 11.68340757 11.68340757 11.68340757 11.68340757 11.68340757 11.68340757 11.68340757 11.68340757
16 8 7 4 0 0 0 0 0 0 0 0 0 0 0 0 0 0 0 0 0 0 0 0 0 0 0 0 0 0 0 0 0 0 0 0 0 0.005663469855 0.0274223671 0.06901325034 0.1341700529 0.2269393938 0.3517083525 0.5131448243 0.7160551461 0.9651444141 1.264662814 1.617928997 2.026740149 2.490709221 3.00661085 3.56786032 4.164278444 4.782288359 5.405631189 6.01657711 6.597473851 7.132365307 7.608377163 8.016624361 8.352524573 8.615550054 8.808563684 8.936934665 9.007617578 9.028328423 9.006890169 8.950767816 8.866777762 8.760938506 8.638424937 8.503591642 8.362183299 8.219756841 8.078599043 7.940498521 7.806835808 7.678656128 7.556732076 7.441616551 7.333686744 7.233180278 7.140224611 7.054860765 6.97706234 6.906750672 6.843806837 6.788081105 6.739400353 6.697573835 6.662397645 6.633658147 6.611134591 6.594601081 6.583828051 6.578583346 6.578633008 6.58374184 6.593673788 6.608192213 6.62706006 6.650039972 6.676894352 6.707385413 6.741275202 6.77832562 6.81829845 6.867007151 6.93074807 7.00851201 7.099279832 7.202032508 7.315751195 7.439417316 7.572012648 7.712519419 7.859920401 8.01319901 8.171339412 8.333326612 8.498146563 8.664786253 8.832233798 8.999478532 9.16551108 9.329323439 9.489909044 9.646262829 9.797381281 9.942262489 10.07990618 10.20931377 10.32948834 10.43943474 10.53815952 10.62467098 10.69797917 10.75709588 10.80103461 10.82881061 10.83944081 10.83194382 10.81506156 10.79882392 10.782986 10.76730029 10.75152083 10.73540316 10.71870426 10.70118252 10.68259772 10.66271097 10.64128466 10.61808244 10.59286918 10.56541089 10.53547475 10.50282897 10.46724286 10.4284867 10.38633175 10.3405502 10.29091512 10.23720045 10.17918094 10.11663213 10.04933029 9.977052439 9.899576261 9.816680102 9.728142932 9.63374432 9.533264405 9.426483867 9.313183906 9.193146216 9.066152957 9.065892877 9.065892877 9.065892877 9.065892877 9.065892877 9.065892877 9.065892877 9.065892877 9.065892877 9.065892877 9.065892877 9.065892877 9.065892877 9.065892877 9.065892877 9.065892877 9.065892877 9.065892877 9.065892877 9.065892877 9.065892877 9.065892877 9.065892877 9.065892877 9.065892877 9.065892877 9.065892877 9.065892877 9.065892877 9.065892877 9.065892877 9.065892877 9.065892877 9.065892877 9.065892877 9.065892877 9.065892877 9.065892877 9.065892877 9.065892877 9.065892877 9.065892877 9.065892877 9.065892877 9.065892877 9.065892877 9.065892877 9.065892877 9.065892877 9.065892877 9.065892877 9.065892877 9.065892877 9.065892877 9.065892877 9.065892877 9.065892877 9.065892877 9.065892877 9.065892877 9.065892877 9.065892877 9.065892877 9.065892877 9.065892877 9.065892877 9.065892877 9.065892877 9.065892877 9.065892877 9.065892877 9.065892877 9.065892877 9.065892877 9.065892877 9.065892877 9.065892877 9.065892877 9.065892877 9.065892877 9.065892877 9.065892877 9.065892877 9.065892877 9.065892877 9.065892877 9.065892877 9.065892877 9.065892877 9.065892877 9.065892877 9.065892877 9.065892877 9.065892877 9.065892877 9.065892877 9.065892877 9.065892877 9.065892877 9.065892877 9.065892877 9.065892877 9.065892877 9.065892877 9.065892877 9.065892877 9.065892877 9.065892877 9.065892877 9.065892877 9.065892877 9.065892877 9.065892877 9.065892877 9.065892877 9.065892877 9.065892877 9.065892877 9.065892877 9.065892877 9.065892877 9.065892877 9.065892877 9.065892877 9.065892877 9.065892877 9.065892877
16 8 9 4 0 0 0 0 0 0 0 0 0 0 0 0 0 0 0 0 0 0 0 0 0 0 0 0 0 0 0 0 0 0 0 0 0 0 0 0 0 0 0 0 0.04038245263 0.1145016205 0.1883183486 0.2617115235 0.3345600322 0.4067427613 0.4781385975 0.5486264277 0.6180851385 0.6863936166 0.7534307489 0.819075422 0.8832065227 0.9457029378 1.006443554 1.065307258 1.122172936 1.176919476 1.229425764 1.279570687 1.327233131 1.372291983 1.414626131 1.45411446 1.490635858 1.524069211 1.554293406 1.581187329 1.604629868 1.624499909 1.64067634 1.653038045 1.661463914 1.666147933 1.669832734 1.673198489 1.67626632 1.679057348 1.681592694 1.683893479 1.685980824 1.687875849 1.689599675 1.691173424 1.692618217 1.693955174 1.695205416 1.696390065 1.697530241 1.698647065 1.699761658 1.700895142 1.702068636 1.703303262 1.704620141 1.706040394 1.707585142 1.709275506 1.711132606 1.713177564 1.7154315 1.717915536 1.720650792 1.72365839 1.72695945 1.730575093 1.734933329 1.747597649 1.770878858 1.804074971 1.846484002 1.897403966 1.956132879 2.021968755 2.094209608 2.172153454 2.255098307 2.342342182 2.433183095 2.526919059 2.62284809 2.720268202 2.81847741 2.916773729 3.014455174 3.11081976 3.205165501 3.296790412 3.384992509 3.469069805 3.548320316 3.622042056 3.68953304 3.750091284 3.803014801 3.847601608 3.883149717 3.908957145 3.924321906 3.928648481 3.928642363 3.928607672 3.928519222 3.928351826 3.928080298 3.927679451 3.927124097 3.926389052 3.925449127 3.924279137 3.922853894 3.921148213 3.919136905 3.916794786 3.914096667 3.911017363 3.907531687 3.903614451 3.899240471 3.894384557 3.889021526 3.883126188 3.876673359 3.86963785 3.861994476 3.853718051 3.844783386 3.835165296 3.824838594 3.813778093 3.801958607 3.789354949 3.775941932 3.775914387 3.775914387 3.775914387 3.775914387 3.775914387 3.775914387 3.775914387 3.775914387 3.775914387 3.775914387 3.775914387 3.775914387 3.775914387 3.775914387 3.775914387 3.775914387 3.775914387 3.775914387 3.775914387 3.775914387 3.775914387 3.775914387 3.775914387 3.775914387 3.775914387 3.775914387 3.775914387 3.775914387 3.775914387 3.775914387 3.775914387 3.775914387 3.775914387 3.775914387 3.775914387 3.775914387 3.775914387 3.775914387 3.775914387 3.775914387 3.775914387 3.775914387 3.775914387 3.775914387 3.775914387 3.775914387 3.775914387 3.775914387 3.775914387 3.775914387 3.775914387 3.775914387 3.775914387 3.775914387 3.775914387 3.775914387 3.775914387 3.775914387 3.775914387 3.775914387 3.775914387 3.775914387 3.775914387 3.775914387 3.775914387 3.775914387 3.775914387 3.775914387 3.775914387 3.775914387 3.775914387 3.775914387 3.775914387 3.775914387 3.775914387 3.775914387 3.775914387 3.775914387 3.775914387 3.775914387 3.775914387 3.775914387 3.775914387 3.775914387 3.775914387 3.775914387 3.775914387 3.775914387 3.775914387 3.775914387 3.775914387 3.775914387 3.775914387 3.775914387 3.775914387 3.775914387 3.775914387 3.775914387 3.775914387 3.775914387 3.775914387 3.775914387 3.775914387 3.775914387 3.775914387 3.775914387 3.775914387 3.775914387 3.775914387 3.775914387 3.775914387 3.775914387 3.775914387 3.775914387 3.775914387 3.775914387 3.775914387 3.775914387 3.775914387 3.775914387 3.775914387 3.775914387 3.775914387 3.775914387 3.775914387 3.775914387 3.775914387
16 8 10 4 0 0 0 0 0 0 0 0 0 0 0 0 0 0 0 0 0 0 0 0 0 0 0 0 0 0 0 0 0 0 0 0 0 0 0 0 0 0 0 0 0 0 0 0.001061287613 0.002867193614 0.00536482429 0.008532254285 0.01234755825 0.01678881082 0.02183408665 0.02746146037 0.03364900665 0.04037480012 0.04761691543 0.05535342722 0.06356241014 0.07222193884 0.08131008796 0.09080493214 0.100684546 0.1109270043 0.1215103815 0.1324127525 0.1436121916 0.1550867738 0.1668145735 0.1787736655 0.1909421243 0.2032980246 0.2158194412 0.2284844485 0.2412711213 0.2541575342 0.2671217618 0.2801418788 0.2933455369 0.3077187322 0.3233954151 0.340314825 0.3584162015 0.3776387842 0.3979218124 0.4192045258 0.4414261639 0.4645259662 0.4884431722 0.5131170215 0.5384867535 0.5644916079 0.5910708241 0.6181636416 0.6457093 0.6736470388 0.7019160976 0.7304557158 0.7592051329 0.7881035886 0.8170903223 0.8461045735 0.8750855819 0.9039725868 0.9327048278 0.9612215445 0.9894619763 1.017365363 1.044870944 1.071917958 1.098445646 1.124908009 1.15182065 1.179146687 1.206848981 1.234890395 1.263233792 1.291842032 1.32067798 1.349704497 1.378884445 1.408180687 1.437556085 1.466973501 1.496395798 1.525785837 1.555106482 1.584320594 1.613391037 1.642280671 1.670952359 1.699368965 1.727493349 1.755288375 1.782716904 1.809741799 1.836325923 1.862432137 1.888023303 1.913062285 1.937511944 1.961335143 1.984494744 2.007020012 2.029303827 2.051413193 2.073343496 2.095090119 2.116648447 2.138013864 2.159181753 2.180147501 2.20090649 2.221454105 2.241785731 2.261896751 2.28178255 2.301438513 2.320860023 2.340042465 2.358981223 2.377671681 2.396109224 2.414289236 2.432207102 2.449858204 2.467237929 2.48434166 2.501164781 2.517702677 2.533950732 2.549904331 2.565558857 2.580909695 2.595952228 2.610681843 2.610710871 2.610710871 2.610710871 2.610710871 2.610710871 2.610710871 2.610710871 2.610710871 2.610710871 2.610710871 2.610710871 2.610710871 2.610710871 2.610710871 2.610710871 2.610710871 2.610710871 2.610710871 2.610710871 2.610710871 2.610710871 2.610710871 2.610710871 2.610710871 2.610710871 2.610710871 2.610710871 2.610710871 2.610710871 2.610710871 2.610710871 2.610710871 2.610710871 2.610710871 2.610710871 2.610710871 2.610710871 2.610710871 2.610710871 2.610710871 2.610710871 2.610710871 2.610710871 2.610710871 2.610710871 2.610710871 2.610710871 2.610710871 2.610710871 2.610710871 2.610710871 2.610710871 2.610710871 2.610710871 2.610710871 2.610710871 2.610710871 2.610710871 2.610710871 2.610710871 2.610710871 2.610710871 2.610710871 2.610710871 2.610710871 2.610710871 2.610710871 2.610710871 2.610710871 2.610710871 2.610710871 2.610710871 2.610710871 2.610710871 2.610710871 2.610710871 2.610710871 2.610710871 2.610710871 2.610710871 2.610710871 2.610710871 2.610710871 2.610710871 2.610710871 2.610710871 2.610710871 2.610710871 2.610710871 2.610710871 2.610710871 2.610710871 2.610710871 2.610710871 2.610710871 2.610710871 2.610710871 2.610710871 2.610710871 2.610710871 2.610710871 2.610710871 2.610710871 2.610710871 2.610710871 2.610710871 2.610710871 2.610710871 2.610710871 2.610710871 2.610710871 2.610710871 2.610710871 2.610710871 2.610710871 2.610710871 2.610710871 2.610710871 2.610710871 2.610710871 2.610710871 2.610710871 2.610710871 2.610710871 2.610710871 2.610710871 2.610710871
16 8 10 5 0 0 0 0 0 0 0 0 0 0 0 0 0 0 0 0 0 0 0 0 0 0 0 0 0 0 0 0 0 0 0 0 0 4.796102042 5.596819729 6.188051232 6.707054035 7.199567807 7.688220557 8.187199331 8.707121844 9.257113646 9.845879972 10.48236441 11.17622701 11.93824401 12.78067473 13.71760846 14.76527464 15.9422603 17.26951405 18.76990637 20.46693216 22.38184791 24.52811193 26.90150437 29.46406979 32.1209895 34.69356129 36.90087428 38.37595567 38.74548216 37.77041576 35.4776934 32.17965722 28.35183298 24.4572085 20.82807915 17.65142852 14.99338249 12.8318651 11.10997756 9.760607118 8.719148428 7.928814062 7.341979208 6.919686037 6.630456275 6.448969994 6.354849553 6.33162902 6.365917209 6.446733586 6.564987983 6.713075551 6.884562165 7.073940044 7.276437544 7.487870694 7.704526862 7.923073238 8.140484511 8.353985453 8.56100513 8.759140219 8.946125475 9.119809862 9.278137168 9.419130202 9.54087785 9.641524437 9.719260951 9.772317775 9.811010627 9.84868154 9.885286758 9.92078399 9.955148532 9.988370755 10.02045398 10.05141267 10.08127089 10.11006102 10.13782261 10.16460144 10.1904487 10.21542025 10.23957606 10.26297965 10.28569767 10.30779945 10.32935671 10.35044326 10.37113472 10.39150829 10.41164261 10.43161751 10.45151393 10.47141375 10.49139969 10.51155521 10.53196441 10.55271199 10.57388313 10.59556347 10.61783904 10.64079621 10.66452169 10.68862142 10.71260208 10.73645989 10.76019148 10.78379365 10.80726334 10.83059763 10.85379371 10.87684887 10.89976049 10.92252606 10.94514309 10.96760921 10.98992206 11.01207935 11.03407885 11.05591833 11.07759564 11.09910864 11.1204552 11.14163324 11.1626407 11.18347552 11.20413569 11.22461918 11.244924 11.26504816 11.28498968 11.30474659 11.32431693 11.34369876 11.36289012 11.38188908 11.4006937 11.41930206 11.41933893 11.41933893 11.41933893 11.41933893 11.41933893 11.41933893 11.41933893 11.41933893 11.41933893 11.41933893 11.41933893 11.41933893 11.41933893 11.41933893 11.41933893 11.41933893 11.41933893 11.41933893 11.41933893 11.41933893 11.41933893 11.41933893 11.41933893 11.41933893 11.41933893 11.41933893 11.41933893 11.41933893 11.41933893 11.41933893 11.41933893 11.41933893 11.41933893 11.41933893 11.41933893 11.41933893 11.41933893 11.41933893 11.41933893 11.41933893 11.41933893 11.41933893 11.41933893 11.41933893 11.41933893 11.41933893 11.41933893 11.41933893 11.41933893 11.41933893 11.41933893 11.41933893 11.41933893 11.41933893 11.41933893 11.41933893 11.41933893 11.41933893 11.41933893 11.41933893 11.41933893 11.41933893 11.41933893 11.41933893 11.41933893 11.41933893 11.41933893 11.41933893 11.41933893 11.41933893 11.41933893 11.41933893 11.41933893 11.41933893 11.41933893 11.41933893 11.41933893 11.41933893 11.41933893 11.41933893 11.41933893 11.41933893 11.41933893 11.41933893 11.41933893 11.41933893 11.41933893 11.41933893 11.41933893 11.41933893 11.41933893 11.41933893 11.41933893 11.41933893 11.41933893 11.41933893 11.41933893 11.41933893 11.41933893 11.41933893 11.41933893 11.41933893 11.41933893 11.41933893 11.41933893 11.41933893 11.41933893 11.41933893 11.41933893 11.41933893 11.41933893 11.41933893 11.41933893 11.41933893 11.41933893 11.41933893 11.41933893 11.41933893 11.41933893 11.41933893 11.41933893 11.41933893 11.41933893 11.41933893 11.41933893 11.41933893 11.41933893
16 8 11 5 0 0 0 0 0 0 0 0 0 0 0 0 0 0 0 0 0 0 0 0 0 0 0 0 0 0 0 0 0 0 1.475357156 3.263020694 5.013166058 6.724927152 8.39743788 10.02983215 11.62124386 13.17080691 14.67765522 16.14092268 17.5597432 18.93325068 20.26057903 21.54086215 22.77323395 23.95682832 25.09077918 26.17422043 27.20628596 28.1861097 29.11282553 29.98556737 30.80346911 31.56566467 32.27128795 32.91947284 33.50935326 34.04006311 34.51073629 34.92050671 35.26850826 35.55387487 35.77574042 35.93323883 36.02550399 36.05143585 35.98731603 35.82203431 35.56163225 35.21215141 34.77963334 34.27011961 33.68965175 33.04427133 32.3400199 31.58293903 30.77907025 29.93445514 29.05513523 28.1471521 27.21654728 26.26936235 25.31163885 24.34941834 23.38874237 22.4356525 21.49619029 20.57639728 19.68231504 18.81998511 17.99544906 17.21474844 16.48392481 15.80901971 15.19607471 14.65113136 14.18023121 13.78941582 13.48472675 13.27220554 13.15789376 13.14007882 13.15221685 13.17707914 13.21389208 13.26188202 13.32027534 13.3882984 13.46517755 13.55013918 13.64240965 13.74121531 13.84578255 13.95533771 14.06910718 14.18631731 14.30619447 14.42796503 14.55085534 14.67409179 14.79690073 14.91850853 15.03814155 15.15502617 15.26838874 15.37745563 15.48145322 15.57960785 15.67114591 15.75529375 15.83127774 15.89832425 15.95565964 16.00251028 16.03810254 16.06166278 16.07241736 16.07302589 16.07295819 16.07273956 16.07228127 16.07149458 16.07029078 16.06858112 16.06627688 16.06328934 16.05952975 16.0549094 16.04933956 16.04273149 16.03499646 16.02604575 16.01579063 16.00414237 15.99101224 15.97631151 15.95995145 15.94184333 15.92189842 15.900028 15.87614333 15.85015569 15.82197634 15.79151657 15.75868763 15.7234008 15.68556735 15.64509855 15.60190567 15.55589999 15.50699277 15.45509528 15.4001188 15.40000615 15.40000615 15.40000615 15.40000615 15.40000615 15.40000615 15.40000615 15.40000615 15.40000615 15.40000615 15.40000615 15.40000615 15.40000615 15.40000615 15.40000615 15.40000615 15.40000615 15.40000615 15.40000615 15.40000615 15.40000615 15.40000615 15.40000615 15.40000615 15.40000615 15.40000615 15.40000615 15.40000615 15.40000615 15.40000615 15.40000615 15.40000615 15.40000615 15.40000615 15.40000615 15.40000615 15.40000615 15.40000615 15.40000615 15.40000615 15.40000615 15.40000615 15.40000615 15.40000615 15.40000615 15.40000615 15.40000615 15.40000615 15.40000615 15.40000615 15.40000615 15.40000615 15.40000615 15.40000615 15.40000615 15.40000615 15.40000615 15.40000615 15.40000615 15.40000615 15.40000615 15.40000615 15.40000615 15.40000615 15.40000615 15.40000615 15.40000615 15.40000615 15.40000615 15.40000615 15.40000615 15.40000615 15.40000615 15.40000615 15.40000615 15.40000615 15.40000615 15.40000615 15.40000615 15.40000615 15.40000615 15.40000615 15.40000615 15.40000615 15.40000615 15.40000615 15.40000615 15.40000615 15.40000615 15.40000615 15.40000615 15.40000615 15.40000615 15.40000615 15.40000615 15.40000615 15.40000615 15.40000615 15.40000615 15.40000615 15.40000615 15.40000615 15.40000615 15.40000615 15.40000615 15.40000615 15.40000615 15.40000615 15.40000615 15.40000615 15.40000615 15.40000615 15.40000615 15.40000615 15.40000615 15.40000615 15.40000615 15.40000615 15.40000615 15.40000615 15.40000615 15.40000615 15.40000615 15.40000615 15.40000615 15.40000615 15.40000615
16 8 11 6 0 0 0 0 0 0 0 0 0 0 0 0 0 0 0 0 0 0 0 0 0 0 0 0 0 0 0 0 0.06663341568 0.5119812281 0.9597550667 1.416302066 1.890779959 2.396320338 2.951527568 3.58229533 4.323687894 5.221120099 6.329103227 7.704422682 9.389642506 11.38501518 13.61622827 15.92059879 18.07828564 19.88638844 21.23039434 22.10511322 22.58363669 22.76924724 22.75987907 22.63232597 22.44016209 22.21773666 21.98548104 21.75451025 21.5300227 21.31361355 21.1047743 20.90183409 20.70253588 20.50438081 20.3048279 20.10140514 19.89185237 19.68243154 19.4774039 19.27587959 19.07711344 18.88049303 18.68552605 18.49182786 18.29910973 18.10716807 17.91587473 17.7251683 17.5350465 17.34555933 17.15680319 16.96891561 16.78207069 16.59647509 16.41236446 16.23000039 16.04966764 15.87167174 15.69633689 15.52400401 15.35502914 15.1897819 15.02864416 14.87200891 14.72027909 14.57386672 14.433192 14.2986825 14.17077248 14.04990222 13.93651745 13.83106878 13.73398872 13.64094441 13.54845436 13.45652543 13.3651672 13.27439169 13.18421303 13.09464716 13.00571156 12.91742502 12.82980738 12.74287933 12.6566622 12.57117777 12.48644811 12.40249539 12.31934176 12.2370092 12.15551937 12.07489354 11.99515246 11.91631625 11.83840433 11.76143536 11.68542712 11.6103965 11.53635943 11.46333082 11.39132455 11.3203534 11.25042908 11.18156215 11.11376207 11.04703713 10.9813945 10.91684022 10.85338244 10.79371169 10.7400695 10.69231665 10.65031285 10.61391679 10.58298614 10.55737759 10.53694689 10.52154887 10.51103749 10.50526587 10.5040863 10.50735033 10.51490877 10.52661174 10.54230872 10.56184857 10.58507956 10.61184947 10.64200555 10.67539459 10.71186299 10.75125673 10.79342145 10.83820251 10.88544494 10.93499354 10.98669291 11.04038744 11.09592138 11.15313883 11.2118838 11.27200024 11.333332 11.39572296 11.45901694 11.45914383 11.45914383 11.45914383 11.45914383 11.45914383 11.45914383 11.45914383 11.45914383 11.45914383 11.45914383 11.45914383 11.45914383 11.45914383 11.45914383 11.45914383 11.45914383 11.45914383 11.45914383 11.45914383 11.45914383 11.45914383 11.45914383 11.45914383 11.45914383 11.45914383 11.45914383 11.45914383 11.45914383 11.45914383 11.45914383 11.45914383 11.45914383 11.45914383 11.45914383 11.45914383 11.45914383 11.45914383 11.45914383 11.45914383 11.45914383 11.45914383 11.45914383 11.45914383 11.45914383 11.45914383 11.45914383 11.45914383 11.45914383 11.45914383 11.45914383 11.45914383 11.45914383 11.45914383 11.45914383 11.45914383 11.45914383 11.45914383 11.45914383 11.45914383 11.45914383 11.45914383 11.45914383 11.45914383 11.45914383 11.45914383 11.45914383 11.45914383 11.45914383 11.45914383 11.45914383 11.45914383 11.45914383 11.45914383 11.45914383 11.45914383 11.45914383 11.45914383 11.45914383 11.45914383 11.45914383 11.45914383 11.45914383 11.45914383 11.45914383 11.45914383 11.45914383 11.45914383 11.45914383 11.45914383 11.45914383 11.45914383 11.45914383 11.45914383 11.45914383 11.45914383 11.45914383 11.45914383 11.45914383 11.45914383 11.45914383 11.45914383 11.45914383 11.45914383 11.45914383 11.45914383 11.45914383 11.45914383 11.45914383 11.45914383 11.45914383 11.45914383 11.45914383 11.45914383 11.45914383 11.45914383 11.45914383 11.45914383 11.45914383 11.45914383 11.45914383 11.45914383 11.45914383 11.45914383 11.45914383 11.45914383 11.45914383 11.45914383
16 8 12 6 33.65213601 33.65232207 33.65251397 33.65271189 33.65291603 33.65312657 33.65334372 33.65356768 33.65379867 33.65403691 33.65428263 33.65453605 33.65479744 33.65506702 33.65534507 33.65563184 33.65592761 33.65623266 33.65654728 33.65687177 33.65720643 33.6575516 33.65790759 33.65827474 33.65865341 33.65904394 33.65944671 33.6598621 33.6602905 33.66073232 33.66118796 33.66165787 33.66214247 33.66264222 33.66315759 33.66368906 33.66423712 33.66480227 33.66538505 33.66598598 33.66660561 33.66724452 33.66790327 33.66858248 33.66928274 33.67000468 33.67074895 33.6715162 33.67230711 33.67312236 33.67396265 33.67482872 33.67572128 33.67664109 33.67758891 33.67856551 33.67957168 33.68060822 33.68167595 33.68277567 33.68390822 33.68507442 33.68627512 33.68751117 33.68878338 33.69009262 33.69143969 33.69282544 33.69425065 33.69571613 33.69722263 33.69877089 33.70036161 33.70199544 33.703673 33.70539482 33.70716137 33.70897305 33.71083016 33.71273288 33.71468128 33.71667529 33.71871466 33.72079899 33.72292766 33.72509982 33.72731437 33.72956992 33.73186476 33.73419682 33.73656363 33.73896229 33.74138939 33.74384098 33.74631251 33.74879876 33.75129377 33.75379077 33.7562821 33.75875912 33.76121212 33.76363018 33.76600114 33.76831139 33.77054583 33.77268768 33.77471835 33.77661731 33.77836192 33.77992729 33.78128609 33.78240838 33.78326146 33.78380971 33.78401439 33.78383347 33.78322156 33.78212968 33.78050521 33.77829181 33.77542935 33.77185391 33.7674979 33.76229009 33.75615592 33.74901774 33.74079526 33.73140607 33.72076632 33.7087916 33.69539788 33.68050277 33.66402687 33.64589534 33.62603974 33.60439992 33.58092626 33.55558186 33.52834501 33.49921159 33.46819748 33.43534085 33.40070421 33.36437613 33.3264724 33.28713663 33.24654 33.20488004 33.16237844 33.11927756 33.07583587 33.03232203 32.98900805 32.94616134 32.90403621 32.86286511 32.82284994 32.78415416 32.74689608 32.7111439 32.67691302 32.64416585 32.61281432 32.58272507 32.55372692 32.52562015 32.49818689 32.47120174 32.44444179 32.4176953 32.3907684 32.36348951 32.33571135 32.30731082 32.27818712 32.24825871 32.21745959 32.18573555 32.1530407 32.11933455 32.08457976 32.04874048 32.01178125 31.97366633 31.93435926 31.89382261 31.85201787 31.80890535 31.76444414 31.71859204 31.67130554 31.62253977 31.57224846 31.52038387 31.4668968 31.43930924 31.43930924 31.43930924 31.43930924 31.43930924 31.43930924 31.43930924 31.43930924 31.43930924 31.43930924 31.43930924 31.43930924 31.43930924 31.43930924 31.43930924 31.43930924 31.43930924 31.43930924 31.43930924 31.43930924 31.43930924 31.43930924 31.43930924 31.43930924 31.43930924 31.43930924 31.43930924 31.43930924 31.43930924 31.43930924 31.43930924 31.43930924 31.43930924 31.43930924 31.43930924 31.43930924 31.43930924 31.43930924 31.43930924 31.43930924 31.43930924 31.43930924 31.43930924 31.43930924 31.43930924 31.43930924 31.43930924 31.43930924 31.43930924 31.43930924 31.43930924 31.43930924 31.43930924 31.43930924 31.43930924 31.43930924 31.43930924 31.43930924 31.43930924 31.43930924 31.43930924 31.43930924 31.43930924 31.43930924 31.43930924 31.43930924 31.43930924 31.43930924 31.43930924 31.43930924 31.43930924 31.43930924 31.43930924 31.43930924 31.43930924 31.43930924 31.43930924 31.43930924 31.43930924 31.43930924 31.43930924 31.43930924 31.43930924 31.43930924 31.43930924 31.43930924 31.43930924 31.43930924 31.43930924 31.43930924 31.43930924 31.43930924 31.43930924 31.43930924 31.43930924 31.43930924 31.43930924 31.43930924 31.43930924 31.43930924 31.43930924 31.43930924 31.43930924 31.43930924 31.43930924
24 12 7 4 0 0 0 0 0 0 0 0 0 0 0 0 0 0 0 0 0 0 0 0 0 0 0 0 0 0 0 0 0 0.008822913016 0.04842415379 0.08792678235 0.1273303529 0.1666344199 0.2058385373 0.2449422596 0.283945141 0.3228467357 0.361646598 0.4003442822 0.4389393425 0.4774313332 0.5158198085 0.5541043228 0.5922844302 0.630359685 0.6683296414 0.7061938539 0.7439518765 0.7816032635 0.8191475693 0.8565843481 0.8939131541 0.9311335416 0.9682450648 1.005247278 1.042139736 1.078921992 1.115593601 1.152154116 1.188603094 1.224940086 1.261164649 1.297276336 1.333274701 1.369061663 1.403832317 1.437486115 1.470119911 1.501830555 1.532714901 1.562869799 1.592392101 1.62137866 1.649926328 1.678131956 1.706092396 1.733904499 1.761665119 1.789471107 1.817419314 1.845606592 1.874129794 1.903085772 1.932571376 1.96268346 1.993518874 2.025174471 2.057747103 2.091333621 2.126030878 2.161935726 2.199145015 2.237755598 2.277864328 2.319568055 2.362963632 2.408147911 2.455217743 2.50426998 2.555401475 2.609740791 2.671281272 2.740107563 2.815872153 2.898227534 2.986826197 3.081320632 3.181363332 3.286606787 3.396703487 3.511305924 3.63006659 3.752637974 3.878672567 4.007822862 4.139741349 4.274080518 4.410492861 4.548630869 4.688147033 4.828693843 4.969923792 5.111489369 5.253043065 5.394237373 5.534724782 5.674157785 5.81218887 5.948470531 6.082655257 6.21439554 6.343343871 6.469152741 6.59147464 6.70996206 6.824267491 6.935441896 7.046169083 7.156527446 7.266514598 7.376128156 7.485365733 7.594224945 7.702703408 7.810798735 7.918508542 8.025830445 8.132762058 8.239300996 8.345444874 8.451191308 8.556537911 8.661482301 8.766022091 8.870154896 8.973878331 9.077190013 9.180087554 9.282568572 9.38463068 9.486271494 9.587488628 9.688279699 9.78864232 9.888574107 9.988072675 10.08713564 10.18576061 10.28394521 10.38168706 10.47898375 10.57583292 10.57602542 10.57602542 10.57602542 10.57602542 10.57602542 10.57602542 10.57602542 10.57602542 10.57602542 10.57602542 10.57602542 10.57602542 10.57602542 10.57602542 10.57602542 10.57602542 10.57602542 10.57602542 10.57602542 10.57602542 10.57602542 10.57602542 10.57602542 10.57602542 10.57602542 10.57602542 10.57602542 10.57602542 10.57602542 10.57602542 10.57602542 10.57602542 10.57602542 10.57602542 10.57602542 10.57602542 10.57602542 10.57602542 10.57602542 10.57602542 10.57602542 10.57602542 10.57602542 10.57602542 10.57602542 10.57602542 10.57602542 10.57602542 10.57602542 10.57602542 10.57602542 10.57602542 10.57602542 10.57602542 10.57602542 10.57602542 10.57602542 10.57602542 10.57602542 10.57602542 10.57602542 10.57602542 10.57602542 10.57602542 10.57602542 10.57602542 10.57602542 10.57602542 10.57602542 10.57602542 10.57602542 10.57602542 10.57602542 10.57602542 10.57602542 10.57602542 10.57602542 10.57602542 10.57602542 10.57602542 10.57602542 10.57602542 10.57602542 10.57602542 10.57602542 10.57602542 10.57602542 10.57602542 10.57602542 10.57602542 10.57602542 10.57602542 10.57602542 10.57602542 10.57602542 10.57602542 10.57602542 10.57602542 10.57602542 10.57602542 10.57602542 10.57602542 10.57602542 10.57602542 10.57602542 10.57602542 10.57602542 10.57602542 10.57602542 10.57602542 10.57602542 10.57602542 10.57602542 10.57602542 10.57602542 10.57602542 10.57602542 10.57602542 10.57602542 10.57602542 10.57602542 10.57602542 10.57602542 10.57602542 10.57602542 10.57602542 10.57602542
24 12 10 4 0 0 0 0 0 0 0 0 0 0 0 0 0 0 0 0 0 0 0 0 0 0 0 0 0 0 0 0 0 0 0 0 0 0 0 0 0 0 0 0 0 0 3.746187267e-11 4.34199228e-10 1.264107151e-09 2.527185603e-09 4.223434549e-09 6.35285395e-09 8.91544377e-09 1.191120397e-08 1.534013452e-08 1.920223537e-08 2.349750649e-08 2.822594784e-08 3.338755939e-08 3.89823411e-08 4.501029292e-08 5.147141483e-08 5.836570679e-08 6.569316875e-08 7.345380069e-08 8.164760256e-08 9.027457433e-08 9.933471596e-08 1.088280274e-07 1.187545086e-07 1.291141596e-07 1.399069803e-07 1.511329707e-07 1.627921307e-07 1.748844603e-07 1.874099595e-07 2.003686282e-07 2.137604664e-07 2.27585474e-07 0.0005249627575 0.002580887215 0.006133833672 0.01112092056 0.01747926631 0.02514598936 0.03405820813 0.04415304105 0.05536760657 0.0676390231 0.08090440909 0.09510088296 0.1101655631 0.1260355681 0.1426480162 0.1599400259 0.1778487156 0.1963112038 0.215264609 0.2346460494 0.2543926436 0.27444151 0.2947297671 0.3151945332 0.3357729267 0.3564020662 0.3770190701 0.3975610567 0.4179651446 0.4381684521 0.4581080977 0.4777211998 0.4969624097 0.5163288418 0.5360749704 0.556204813 0.5767223866 0.5976317086 0.6189367963 0.640641667 0.6627503379 0.6852668262 0.7081951494 0.7315393245 0.755303369 0.7794913001 0.804107135 0.8291548911 0.8546385856 0.8805622358 0.9069298589 0.9337454722 0.9610130931 0.9887367387 1.016920426 1.045568173 1.074683997 1.104271914 1.134335943 1.1648801 1.195908403 1.227424868 1.259433514 1.291938358 1.324943416 1.358547105 1.393128902 1.428713044 1.465282106 1.502818666 1.541305299 1.580724582 1.621059089 1.662291398 1.704404085 1.747379725 1.791200894 1.83585017 1.881310127 1.927563342 1.974592391 2.02237985 2.070908295 2.120160302 2.170118448 2.220765308 2.272083458 2.324055475 2.376663934 2.429891412 2.483720485 2.538133728 2.593113719 2.648643032 2.704704245 2.761279932 2.818352671 2.875905037 2.876020159 2.876020159 2.876020159 2.876020159 2.876020159 2.876020159 2.876020159 2.876020159 2.876020159 2.876020159 2.876020159 2.876020159 2.876020159 2.876020159 2.876020159 2.876020159 2.876020159 2.876020159 2.876020159 2.876020159 2.876020159 2.876020159 2.876020159 2.876020159 2.876020159 2.876020159 2.876020159 2.876020159 2.876020159 2.876020159 2.876020159 2.876020159 2.876020159 2.876020159 2.876020159 2.876020159 2.876020159 2.876020159 2.876020159 2.876020159 2.876020159 2.876020159 2.876020159 2.876020159 2.876020159 2.876020159 2.876020159 2.876020159 2.876020159 2.876020159 2.876020159 2.876020159 2.876020159 2.876020159 2.876020159 2.876020159 2.876020159 2.876020159 2.876020159 2.876020159 2.876020159 2.876020159 2.876020159 2.876020159 2.876020159 2.876020159 2.876020159 2.876020159 2.876020159 2.876020159 2.876020159 2.876020159 2.876020159 2.876020159 2.876020159 2.876020159 2.876020159 2.876020159 2.876020159 2.876020159 2.876020159 2.876020159 2.876020159 2.876020159 2.876020159 2.876020159 2.876020159 2.876020159 2.876020159 2.876020159 2.876020159 2.876020159 2.876020159 2.876020159 2.876020159 2.876020159 2.876020159 2.876020159 2.876020159 2.876020159 2.876020159 2.876020159 2.876020159 2.876020159 2.876020159 2.876020159 2.876020159 2.876020159 2.876020159 2.876020159 2.876020159 2.876020159 2.876020159 2.876020159 2.876020159 2.876020159 2.876020159 2.876020159 2.876020159 2.876020159 2.876020159 2.876020159 2.876020159 2.876020159 2.876020159 2.876020159 2.876020159
24 12 22 11 27.54423655 27.54474001 27.54525871 27.5457931 27.54634363 27.54691076 27.54749498 27.54809678 27.54871665 27.54935512 27.55001272 27.55068998 27.55138746 27.55210573 27.55284537 27.55360698 27.55439115 27.55519853 27.55602973 27.55688541 27.55776623 27.55867287 27.55960601 27.56056637 27.56155466 27.5625716 27.56361794 27.56469443 27.56580185 27.56694096 27.56811256 27.56931744 27.57055642 27.57183031 27.57313994 27.57448613 27.57586974 27.57729159 27.57875254 27.58025343 27.5817951 27.58337839 27.58500415 27.5866732 27.58838636 27.59014443 27.5919482 27.59379844 27.59569589 27.59764126 27.59963522 27.60167843 27.60377146 27.60591486 27.60810911 27.61035462 27.61265173 27.6150007 27.61740168 27.61985473 27.62235977 27.62491663 27.62752496 27.63018426 27.63289386 27.63565288 27.63846026 27.64131466 27.64421453 27.64715799 27.6501429 27.65316675 27.65622666 27.65931936 27.66244115 27.66558783 27.6687547 27.67193647 27.67512726 27.67832051 27.68150895 27.6846845 27.68783827 27.69096043 27.69404015 27.69706558 27.70002366 27.70290013 27.7056794 27.70834444 27.71087668 27.71325592 27.71546022 27.71746576 27.71924672 27.72077516 27.72202092 27.72295144 27.72353168 27.72372392 27.72348773 27.72277974 27.72155361 27.71975987 27.71734585 27.71425557 27.71042973 27.70580563 27.70031723 27.69389513 27.68646667 27.67795611 27.66828478 27.6573714 27.64513238 27.63148235 27.61633464 27.59960199 27.58119734 27.56103478 27.5390306 27.51510456 27.48918129 27.46119183 27.43107539 27.3987812 27.36427057 27.32751901 27.28851846 27.24727959 27.20383408 27.15823681 27.11056795 27.06093473 27.00947297 26.95634805 26.90175536 26.84592 26.78909572 26.73156278 26.67362493 26.61560515 26.55784035 26.50067492 26.44445328 26.38951165 26.33616909 26.28471844 26.23541718 26.18847904 26.14406651 26.10228502 26.06317902 26.0267305 25.99286008 25.96143084 25.93225475 25.90510137 25.87970836 25.85579306 25.83306434 25.81123403 25.79002698 25.76918924 25.74849386 25.72774422 25.70677488 25.68545033 25.6636621 25.64132479 25.61837172 25.59475044 25.57041884 25.54534175 25.51948832 25.49283015 25.46533989 25.43699048 25.40775455 25.37760416 25.34651061 25.31444438 25.28137502 25.24727114 25.21210038 25.17582938 25.1384237 25.09984786 25.06006524 25.01903809 24.97672749 24.93309327 24.88809404 24.84168709 24.79382839 24.76914384 24.76914384 24.76914384 24.76914384 24.76914384 24.76914384 24.76914384 24.76914384 24.76914384 24.76914384 24.76914384 24.76914384 24.76914384 24.76914384 24.76914384 24.76914384 24.76914384 24.76914384 24.76914384 24.76914384 24.76914384 24.76914384 24.76914384 24.76914384 24.76914384 24.76914384 24.76914384 24.76914384 24.76914384 24.76914384 24.76914384 24.76914384 24.76914384 24.76914384 24.76914384 24.76914384 24.76914384 24.76914384 24.76914384 24.76914384 24.76914384 24.76914384 24.76914384 24.76914384 24.76914384 24.76914384 24.76914384 24.76914384 24.76914384 24.76914384 24.76914384 24.76914384 24.76914384 24.76914384 24.76914384 24.76914384 24.76914384 24.76914384 24.76914384 24.76914384 24.76914384 24.76914384 24.76914384 24.76914384 24.76914384 24.76914384 24.76914384 24.76914384 24.76914384 24.76914384 24.76914384 24.76914384 24.76914384 24.76914384 24.76914384 24.76914384 24.76914384 24.76914384 24.76914384 24.76914384 24.76914384 24.76914384 24.76914384 24.76914384 24.76914384 24.76914384 24.76914384 24.76914384 24.76914384 24.76914384 24.76914384 24.76914384 24.76914384 24.76914384 24.76914384 24.76914384 24.76914384 24.76914384 24.76914384 24.76914384 24.76914384 24.76914384 24.76914384 24.76914384 24.76914384
27 13 6 3 1.081239307 1.082149667 1.083077137 1.084022363 1.084986014 1.085968782 1.086971381 1.087994547 1.089039043 1.090105655 1.091195197 1.092308509 1.093446461 1.094609949 1.095799903 1.097017283 1.09826308 1.099538322 1.100844071 1.102181424 1.103551517 1.104955527 1.10639467 1.107870205 1.109383435 1.110935709 1.112528425 1.114163028 1.115841016 1.117563942 1.119333413 1.121151094 1.123018711 1.124938054 1.126910977 1.128939402 1.131025323 1.133170809 1.135378004 1.137649134 1.139986509 1.142392526 1.144869674 1.147420536 1.150047797 1.152754244 1.155542774 1.158416397 1.161378242 1.164431561 1.167579739 1.170826295 1.174174889 1.177629333 1.181193592 1.184871799 1.188668254 1.19258744 1.196634028 1.200812888 1.205129095 1.209587947 1.214194968 1.218955927 1.223876845 1.22896401 1.234223992 1.239663659 1.245290189 1.25111109 1.257134219 1.263367797 1.269820433 1.276501145 1.283419382 1.290585051 1.298008541 1.305700752 1.313673125 1.321937678 1.330507033 1.33939446 1.348613912 1.358180072 1.368108392 1.378415149 1.389117493 1.400233504 1.411782255 1.423783874 1.436259618 1.449231947 1.462724603 1.476762706 1.49137284 1.506583164 1.522423519 1.538925551 1.556122842 1.574051049 1.592748062 1.61225417 1.632612242 1.653867926 1.676069865 1.699269929 1.723523478 1.748889634 1.775431593 1.803216956 1.832318098 1.862812571 1.894783539 1.92832027 1.963518663 2.000481836 2.039320772 2.080155031 2.123113537 2.168335447 2.215971115 2.266183155 2.31914763 2.375055364 2.434113401 2.496546638 2.562599641 2.632538668 2.706653941 2.785262181 2.868709455 2.957374372 3.051671677 3.152056296 3.259027902 3.373136072 3.49498612 3.625245709 3.764652359 3.91402198 4.074258597 4.246365444 4.431457644 4.630776743 4.845707371 5.07779641 5.328775068 5.600584359 5.895404581 6.215689475 6.564205909 6.944080082 7.358851424 7.812535642 8.309698624 8.855543279 9.456011843 9.942184666 9.942184666 9.942184666 9.942184666 9.942184666 9.942184666 9.942184666 9.942184666 9.942184666 9.942184666 9.942184666 9.942184666 9.942184666 9.942184666 9.942184666 9.942184666 9.942184666 9.942184666 9.942184666 9.942184666 9.942184666 9.942184666 9.942184666 9.942184666 9.942184666 9.942184666 9.942184666 9.942184666 9.942184666 9.942184666 9.942184666 9.942184666 9.942184666 9.942184666 9.942184666 9.942184666 9.942184666 9.942184666 9.942184666 9.942184666 9.942184666 9.942184666 9.942184666 9.942184666 9.942184666 9.942184666 9.942184666 9.942184666 9.942184666 9.942184666 9.942184666 9.942184666 9.942184666 9.942184666 9.942184666 9.942184666 9.942184666 9.942184666 9.942184666 9.942184666 9.942184666 9.942184666 9.942184666 9.942184666 9.942184666 9.942184666 9.942184666 9.942184666 9.942184666 9.942184666 9.942184666 9.942184666 9.942184666 9.942184666 9.942184666 9.942184666 9.942184666 9.942184666 9.942184666 9.942184666 9.942184666 9.942184666 9.942184666 9.942184666 9.942184666 9.942184666 9.942184666 9.942184666 9.942184666 9.942184666 9.942184666 9.942184666 9.942184666 9.942184666 9.942184666 9.942184666 9.942184666 9.942184666 9.942184666 9.942184666 9.942184666 9.942184666 9.942184666 9.942184666 9.942184666 9.942184666 9.942184666 9.942184666 9.942184666 9.942184666 9.942184666 9.942184666 9.942184666 9.942184666 9.942184666 9.942184666 9.942184666 9.942184666 9.942184666 9.942184666 9.942184666 9.942184666 9.942184666 9.942184666 9.942184666 9.942184666 9.942184666 9.942184666 9.942184666 9.942184666 9.942184666 9.942184666 9.942184666 9.942184666 9.942184666 9.942184666 9.942184666 9.942184666 9.942184666 9.942184666 9.942184666 9.942184666 9.942184666
27 13 7 3 0.4150065492 0.4215210009 0.4280951143 0.4347291054 0.441423207 0.4481776706 0.4549927673 0.4618687888 0.4688060493 0.4758048864 0.4828656626 0.4899887667 0.4971746155 0.5044236552 0.5117363631 0.5191132492 0.5265548581 0.5340617705 0.5416346056 0.5492740227 0.5569807234 0.5647554535 0.5725990057 0.5805122213 0.5884959931 0.5965512677 0.6046790481 0.6128803965 0.621156437 0.6295083586 0.6379374187 0.6464449454 0.6550323419 0.6637010892 0.6724527504 0.6812889739 0.6902114981 0.6992221549 0.7083228748 0.7175156909 0.7268027439 0.7361862875 0.7456686931 0.7552524558 0.7649402 0.7747346855 0.7846388141 0.7946556361 0.8047883575 0.8150403476 0.8254151464 0.8359164732 0.8465482352 0.8573145366 0.8682196883 0.8792682178 0.8904648802 0.9018146695 0.9133228303 0.9249948706 0.936836575 0.9488540189 0.9610535835 0.9734419712 0.9860262229 0.998813735 1.011812279 1.025030021 1.038475542 1.052157863 1.066086465 1.080271318 1.094722906 1.109452257 1.124470971 1.139791257 1.155425962 1.171388616 1.187693463 1.204355509 1.221390566 1.238815299 1.25664728 1.274905041 1.293608137 1.312777206 1.332434038 1.352601653 1.373304373 1.394567912 1.416419465 1.438887809 1.462003404 1.485798514 1.510307324 1.535566077 1.561613217 1.588489545 1.616238387 1.644905776 1.674540653 1.705195078 1.736924465 1.769787836 1.803848096 1.839172334 1.87583215 1.913904011 1.95346964 1.994616446 2.037437984 2.082034467 2.128513325 2.176989818 2.227587706 2.280439992 2.335689732 2.393490931 2.454009535 2.517424517 2.583929081 2.653732002 2.727059093 2.804154849 2.885284265 2.97073485 3.060818884 3.155875919 3.256275579 3.362420682 3.47475074 3.593745874 3.719931213 3.853881826 3.996228289 4.147662941 4.308946956 4.480918331 4.664500939 4.860714783 5.070687655 5.295668396 5.537042014 5.79634694 6.075294775 6.375792918 6.69997054 7.050208472 7.429173653 7.839858911 8.285629007 8.770274036 9.298071486 9.873858529 10.50311641 11.1920692 11.9477996 12.55618353 12.55618353 12.55618353 12.55618353 12.55618353 12.55618353 12.55618353 12.55618353 12.55618353 12.55618353 12.55618353 12.55618353 12.55618353 12.55618353 12.55618353 12.55618353 12.55618353 12.55618353 12.55618353 12.55618353 12.55618353 12.55618353 12.55618353 12.55618353 12.55618353 12.55618353 12.55618353 12.55618353 12.55618353 12.55618353 12.55618353 12.55618353 12.55618353 12.55618353 12.55618353 12.55618353 12.55618353 12.55618353 12.55618353 12.55618353 12.55618353 12.55618353 12.55618353 12.55618353 12.55618353 12.55618353 12.55618353 12.55618353 12.55618353 12.55618353 12.55618353 12.55618353 12.55618353 12.55618353 12.55618353 12.55618353 12.55618353 12.55618353 12.55618353 12.55618353 12.55618353 12.55618353 12.55618353 12.55618353 12.55618353 12.55618353 12.55618353 12.55618353 12.55618353 12.55618353 12.55618353 12.55618353 12.55618353 12.55618353 12.55618353 12.55618353 12.55618353 12.55618353 12.55618353 12.55618353 12.55618353 12.55618353 12.55618353 12.55618353 12.55618353 12.55618353 12.55618353 12.55618353 12.55618353 12.55618353 12.55618353 12.55618353 12.55618353 12.55618353 12.55618353 12.55618353 12.55618353 12.55618353 12.55618353 12.55618353 12.55618353 12.55618353 12.55618353 12.55618353 12.55618353 12.55618353 12.55618353 12.55618353 12.55618353 12.55618353 12.55618353 12.55618353 12.55618353 12.55618353 12.55618353 12.55618353 12.55618353 12.55618353 12.55618353 12.55618353 12.55618353 12.55618353 12.55618353 12.55618353 12.55618353 12.55618353 12.55618353 12.55618353 12.55618353 12.55618353 12.55618353 12.55618353 12.55618353 12.55618353 12.55618353 12.55618353 12.55618353 12.55618353 12.55618353 12.55618353 12.55618353 12.55618353 12.55618353
27 13 7 4 0 0 0 0 0 0 0 0 0 0 0 0 0 0 0 0 0 0 0 0 0 0 0 0 0.001147034068 0.004595993404 0.008827497311 0.01382145063 0.01955775821 0.02601632488 0.0331770555 0.04101985491 0.04952462795 0.05867127946 0.06843971428 0.07880983726 0.08976155325 0.1012747671 0.1133293836 0.1259053077 0.1389824441 0.1525406977 0.1665599734 0.1810201761 0.1959012104 0.2111829814 0.2268453938 0.2428683524 0.2592317622 0.275915528 0.2928995545 0.3101637468 0.3276880095 0.3454522475 0.3634363657 0.381620269 0.3999838621 0.4185070499 0.4371697373 0.4559518291 0.4748332301 0.4938398763 0.513690085 0.5346178548 0.5565990701 0.5796096151 0.6036253741 0.6286222314 0.6545760713 0.6814627781 0.7092582361 0.7379383296 0.7674789429 0.7978559602 0.8290452659 0.8610227443 0.8937642796 0.9272457562 0.9614430582 0.9963320702 1.031888676 1.068088761 1.104908208 1.142322902 1.180308728 1.218841569 1.25789731 1.297451835 1.337481028 1.377960775 1.418866958 1.460175463 1.501862173 1.543902974 1.586273748 1.628950381 1.671908757 1.71512476 1.758579491 1.80243925 1.846818872 1.89175327 1.937277357 1.983426046 2.030234253 2.077736891 2.125968872 2.174965112 2.224760523 2.27539002 2.326888516 2.379290925 2.432632161 2.486947137 2.542270767 2.598637966 2.656083645 2.714642721 2.774350105 2.835240712 2.897349456 2.96071125 3.025361007 3.091333643 3.15866407 3.227387203 3.297537954 3.369151238 3.442261968 3.516905059 3.593115423 3.670927975 3.750377629 3.831499297 3.914327894 3.998909716 4.086660395 4.178490037 4.274322607 4.374082073 4.477692398 4.585077551 4.696161495 4.810868198 4.929121625 5.050845742 5.175964515 5.304401909 5.436081891 5.570928426 5.708865481 5.84981702 5.993707011 6.140459419 6.289998209 6.442247348 6.597130802 6.754572536 6.914496516 7.076826709 7.241487079 7.408401593 7.577494218 7.748688917 7.921909658 8.097080407 8.274125129 8.45296779 8.633532356 8.815742792 8.999523066 9.184797142 9.371488987 9.371862274 9.371862274 9.371862274 9.371862274 9.371862274 9.371862274 9.371862274 9.371862274 9.371862274 9.371862274 9.371862274 9.371862274 9.371862274 9.371862274 9.371862274 9.371862274 9.371862274 9.371862274 9.371862274 9.371862274 9.371862274 9.371862274 9.371862274 9.371862274 9.371862274 9.371862274 9.371862274 9.371862274 9.371862274 9.371862274 9.371862274 9.371862274 9.371862274 9.371862274 9.371862274 9.371862274 9.371862274 9.371862274 9.371862274 9.371862274 9.371862274 9.371862274 9.371862274 9.371862274 9.371862274 9.371862274 9.371862274 9.371862274 9.371862274 9.371862274 9.371862274 9.371862274 9.371862274 9.371862274 9.371862274 9.371862274 9.371862274 9.371862274 9.371862274 9.371862274 9.371862274 9.371862274 9.371862274 9.371862274 9.371862274 9.371862274 9.371862274 9.371862274 9.371862274 9.371862274 9.371862274 9.371862274 9.371862274 9.371862274 9.371862274 9.371862274 9.371862274 9.371862274 9.371862274 9.371862274 9.371862274 9.371862274 9.371862274 9.371862274 9.371862274 9.371862274 9.371862274 9.371862274 9.371862274 9.371862274 9.371862274 9.371862274 9.371862274 9.371862274 9.371862274 9.371862274 9.371862274 9.371862274 9.371862274 9.371862274 9.371862274 9.371862274 9.371862274 9.371862274 9.371862274 9.371862274 9.371862274 9.371862274 9.371862274 9.371862274 9.371862274 9.371862274 9.371862274 9.371862274 9.371862274 9.371862274 9.371862274 9.371862274 9.371862274 9.371862274 9.371862274 9.371862274 9.371862274 9.371862274 9.371862274 9.371862274 9.371862274
27 13 9 4 0.1717190138 0.1741004797 0.1764993001 0.1789155015 0.1813491162 0.1838001827 0.1862687463 0.188754859 0.1912585803 0.1937799773 0.1963191255 0.1988761087 0.20145102 0.204043962 0.206655047 0.2092843981 0.2119321491 0.2145984457 0.2172834454 0.2199873184 0.2227102481 0.2254524319 0.2282140815 0.2309954241 0.2337967024 0.2366181758 0.2394601212 0.2423228334 0.2452066261 0.2481118329 0.251038808 0.2539879271 0.2569595883 0.2599542133 0.2629722485 0.2660141655 0.2690804629 0.2721716672 0.2752883339 0.278431049 0.2816004304 0.2847971287 0.2880218297 0.2912752549 0.2945581637 0.2978713552 0.3012156693 0.3045919891 0.3080012429 0.3114444058 0.3149225021 0.3184366075 0.3219878515 0.3255774197 0.3292065567 0.3328765685 0.3365888257 0.3403447661 0.3441458986 0.3479938056 0.3518901474 0.3558366655 0.3598351868 0.3638876273 0.3679959972 0.3721624048 0.3763890622 0.3806782898 0.3850325223 0.3894543141 0.393946346 0.3985114314 0.4031525232 0.4078727215 0.4126752811 0.4175636201 0.4225413286 0.4276121781 0.4327801314 0.4380493536 0.4434242233 0.4489093444 0.4545095597 0.460229964 0.4660759191 0.4720530697 0.47816736 0.4844250518 0.4908327436 0.4973973916 0.5041263315 0.5110273023 0.518108472 0.5253784647 0.5328463902 0.5405218754 0.5484150987 0.5565368264 0.5648984524 0.5735120408 0.5823903717 0.5915469914 0.6009962657 0.6107534384 0.620834694 0.6312572261 0.6420393113 0.6532003896 0.6647611514 0.6767436329 0.6891713184 0.7020692537 0.7154641678 0.7293846068 0.7438610799 0.7589262191 0.7746149531 0.7909646989 0.8080155712 0.8258106119 0.8443960429 0.8638215436 0.884140556 0.9054106218 0.9276937533 0.9510568432 0.9755721183 1.00131764 1.028377863 1.056844245 1.086815941 1.118400556 1.151714999 1.186886425 1.22405329 1.263366536 1.304990904 1.349106419 1.395910053 1.445617589 1.498465728 1.554714459 1.614649735 1.678586508 1.746872155 1.819890376 1.898065615 1.981868105 2.071819613 2.168500008 2.272554775 2.384703641 2.505750477 2.636594701 2.778244432 2.931831692 3.098630018 3.231698358 3.231698358 3.231698358 3.231698358 3.231698358 3.231698358 3.231698358 3.231698358 3.231698358 3.231698358 3.231698358 3.231698358 3.231698358 3.231698358 3.231698358 3.231698358 3.231698358 3.231698358 3.231698358 3.231698358 3.231698358 3.231698358 3.231698358 3.231698358 3.231698358 3.231698358 3.231698358 3.231698358 3.231698358 3.231698358 3.231698358 3.231698358 3.231698358 3.231698358 3.231698358 3.231698358 3.231698358 3.231698358 3.231698358 3.231698358 3.231698358 3.231698358 3.231698358 3.231698358 3.231698358 3.231698358 3.231698358 3.231698358 3.231698358 3.231698358 3.231698358 3.231698358 3.231698358 3.231698358 3.231698358 3.231698358 3.231698358 3.231698358 3.231698358 3.231698358 3.231698358 3.231698358 3.231698358 3.231698358 3.231698358 3.231698358 3.231698358 3.231698358 3.231698358 3.231698358 3.231698358 3.231698358 3.231698358 3.231698358 3.231698358 3.231698358 3.231698358 3.231698358 3.231698358 3.231698358 3.231698358 3.231698358 3.231698358 3.231698358 3.231698358 3.231698358 3.231698358 3.231698358 3.231698358 3.231698358 3.231698358 3.231698358 3.231698358 3.231698358 3.231698358 3.231698358 3.231698358 3.231698358 3.231698358 3.231698358 3.231698358 3.231698358 3.231698358 3.231698358 3.231698358 3.231698358 3.231698358 3.231698358 3.231698358 3.231698358 3.231698358 3.231698358 3.231698358 3.231698358 3.231698358 3.231698358 3.231698358 3.231698358 3.231698358 3.231698358 3.231698358 3.231698358 3.231698358 3.231698358 3.231698358 3.231698358 3.231698358 3.231698358 3.231698358 3.231698358 3.231698358 3.231698358 3.231698358 3.231698358 3.231698358 3.231698358 3.231698358 3.231698358 3.231698358 3.231698358 3.231698358 3.231698358 3.231698358
27 13 10 4 0 0 0 0 0 0 0 0 0 0 0 0 0 0 0 0 0 0 0 0 0 0 0 0 0 0 0 0 0 0 0 0 0 0 0 1.399145245e-05 0.0001035605196 0.000274780304 0.0005262643785 0.0008566263164 0.001264479691 0.001748438074 0.00230711504 0.002939124162 0.003643079012 0.004417593164 0.005261280191 0.006172753665 0.007150627161 0.00819351425 0.009300028507 0.0104687835 0.01169839281 0.01298747001 0.01433462866 0.01573848235 0.01719764464 0.01871072912 0.02027634934 0.02189311889 0.02355965133 0.02527456025 0.02703645921 0.02884396178 0.03069568155 0.03259023208 0.03452622694 0.03650227972 0.03851700398 0.04057664854 0.04297290073 0.04584925809 0.04919723951 0.05300836389 0.05727415011 0.06198611708 0.06713578369 0.07271466883 0.07871429141 0.08512617032 0.09194182444 0.09915277269 0.1067505339 0.1147266271 0.1230725711 0.1317798848 0.140840087 0.1502446968 0.1599852329 0.1700532144 0.18044016 0.1911375886 0.2021370193 0.2134299708 0.2250079621 0.236862512 0.2489851395 0.2613673634 0.2740007026 0.2868766761 0.2999868028 0.3133226014 0.326875591 0.3406372904 0.3551316642 0.3714589417 0.3895857516 0.4094398597 0.4309490318 0.4540410335 0.4786436308 0.5046845893 0.5320916749 0.5607926532 0.5907152901 0.6217873513 0.6539366027 0.6870908099 0.7211777387 0.756125155 0.7918608244 0.8283125128 0.8654079859 0.9030750094 0.9412413492 0.979834771 1.018783041 1.058013924 1.097455186 1.137034594 1.176679912 1.216318907 1.255879345 1.29528899 1.33447561 1.373366969 1.411890834 1.44997497 1.487622354 1.525501556 1.563783601 1.602464534 1.641540403 1.681007255 1.720861135 1.76109809 1.801714168 1.842705414 1.884067875 1.925797598 1.96789063 2.010343016 2.053150804 2.09631004 2.139816772 2.183667044 2.227856905 2.2723824 2.317239576 2.36242448 2.407933159 2.453761658 2.499906025 2.546362306 2.593126549 2.640194798 2.687563102 2.735227506 2.783184057 2.831428802 2.879957788 2.92876706 2.977852666 2.977950726 2.977950726 2.977950726 2.977950726 2.977950726 2.977950726 2.977950726 2.977950726 2.977950726 2.977950726 2.977950726 2.977950726 2.977950726 2.977950726 2.977950726 2.977950726 2.977950726 2.977950726 2.977950726 2.977950726 2.977950726 2.977950726 2.977950726 2.977950726 2.977950726 2.977950726 2.977950726 2.977950726 2.977950726 2.977950726 2.977950726 2.977950726 2.977950726 2.977950726 2.977950726 2.977950726 2.977950726 2.977950726 2.977950726 2.977950726 2.977950726 2.977950726 2.977950726 2.977950726 2.977950726 2.977950726 2.977950726 2.977950726 2.977950726 2.977950726 2.977950726 2.977950726 2.977950726 2.977950726 2.977950726 2.977950726 2.977950726 2.977950726 2.977950726 2.977950726 2.977950726 2.977950726 2.977950726 2.977950726 2.977950726 2.977950726 2.977950726 2.977950726 2.977950726 2.977950726 2.977950726 2.977950726 2.977950726 2.977950726 2.977950726 2.977950726 2.977950726 2.977950726 2.977950726 2.977950726 2.977950726 2.977950726 2.977950726 2.977950726 2.977950726 2.977950726 2.977950726 2.977950726 2.977950726 2.977950726 2.977950726 2.977950726 2.977950726 2.977950726 2.977950726 2.977950726 2.977950726 2.977950726 2.977950726 2.977950726 2.977950726 2.977950726 2.977950726 2.977950726 2.977950726 2.977950726 2.977950726 2.977950726 2.977950726 2.977950726 2.977950726 2.977950726 2.977950726 2.977950726 2.977950726 2.977950726 2.977950726 2.977950726 2.977950726 2.977950726 2.977950726 2.977950726 2.977950726 2.977950726 2.977950726 2.977950726 2.977950726
27 13 11 6 0.0001188210548 0.0001449392764 0.0001762321542 0.0002136050205 0.0002580985471 0.0003109049982 0.0003733858232 0.0004470906184 0.0005337774704 0.0006354346859 0.0007543038949 0.0008929045006 0.001054059431 0.001240922133 0.001457004719 0.00170620718 0.001992847528 0.002321692732 0.002697990288 0.003127500224 0.003616527359 0.004171953556 0.004801269761 0.005512607538 0.006314769833 0.007217260676 0.00823031351 0.009364917831 0.01063284383 0.01204666467 0.01361977615 0.01536641336 0.01730166397 0.01944147801 0.0218026736 0.02440293861 0.02726082775 0.03039575498 0.03382798098 0.03757859558 0.04166949478 0.0461233525 0.05096358682 0.05621432063 0.06190033684 0.06804702805 0.07468034078 0.08182671446 0.08951301522 0.09776646479 0.1066145647 0.1160850163 0.1262056359 0.1370042677 0.1485086919 0.1607465308 0.1737451522 0.1875315713 0.2021323503 0.2175734982 0.2338803696 0.2510775637 0.2691888246 0.2882369422 0.3082436556 0.3292295592 0.3512140105 0.3742150429 0.3982492819 0.4233318657 0.4494763708 0.4766947435 0.5049972363 0.5343923514 0.5648867902 0.5964854091 0.6291911834 0.663005177 0.6979265207 0.7339523971 0.7710780328 0.8092966987 0.8485997176 0.8889764784 0.9304144581 0.972899251 1.016414604 1.060942459 1.106463002 1.152954714 1.200394439 1.248757438 1.29801747 1.348146858 1.399116572 1.450896309 1.503454578 1.55675879 1.610775344 1.665469718 1.720806566 1.776749808 1.833262723 1.890308045 1.947848055 2.005844672 2.064259544 2.123054139 2.182189832 2.241627989 2.301330049 2.361257605 2.421372482 2.481636806 2.542013082 2.602464251 2.662953762 2.723445625 2.783904469 2.844295595 2.90458502 2.964739526 3.024726695 3.084514947 3.144073573 3.203372764 3.262383633 3.32107824 3.379429608 3.437411737 3.494999616 3.552169234 3.608897579 3.665162646 3.720943436 3.776219951 3.830973191 3.885185145 3.938838785 3.99191805 4.044407837 4.096293986 4.147563262 4.198203338 4.248202779 4.297551018 4.346238341 4.39425586 4.441595495 4.488249949 4.534212687 4.57947791 4.624040533 4.667896161 4.711041063 4.753472151 4.795186952 4.777642467 4.777642467 4.777642467 4.777642467 4.777642467 4.777642467 4.777642467 4.777642467 4.777642467 4.777642467 4.777642467 4.777642467 4.777642467 4.777642467 4.777642467 4.777642467 4.777642467 4.777642467 4.777642467 4.777642467 4.777642467 4.777642467 4.777642467 4.777642467 4.777642467 4.777642467 4.777642467 4.777642467 4.777642467 4.777642467 4.777642467 4.777642467 4.777642467 4.777642467 4.777642467 4.777642467 4.777642467 4.777642467 4.777642467 4.777642467 4.777642467 4.777642467 4.777642467 4.777642467 4.777642467 4.777642467 4.777642467 4.777642467 4.777642467 4.777642467 4.777642467 4.777642467 4.777642467 4.777642467 4.777642467 4.777642467 4.777642467 4.777642467 4.777642467 4.777642467 4.777642467 4.777642467 4.777642467 4.777642467 4.777642467 4.777642467 4.777642467 4.777642467 4.777642467 4.777642467 4.777642467 4.777642467 4.777642467 4.777642467 4.777642467 4.777642467 4.777642467 4.777642467 4.777642467 4.777642467 4.777642467 4.777642467 4.777642467 4.777642467 4.777642467 4.777642467 4.777642467 4.777642467 4.777642467 4.777642467 4.777642467 4.777642467 4.777642467 4.777642467 4.777642467 4.777642467 4.777642467 4.777642467 4.777642467 4.777642467 4.777642467 4.777642467 4.777642467 4.777642467 4.777642467 4.777642467 4.777642467 4.777642467 4.777642467 4.777642467 4.777642467 4.777642467 4.777642467 4.777642467 4.777642467 4.777642467 4.777642467 4.777642467 4.777642467 4.777642467 4.777642467 4.777642467 4.777642467 4.777642467 4.777642467 4.777642467 4.777642467 4.777642467 4.777642467 4.777642467 4.777642467 4.777642467 4.777642467 4.777642467 4.777642467 4.777642467 4.777642467 4.777642467 4.777642467 4.777642467 4.777642467 4.777642467 4.777642467
27 13 22 11 13.73173438 13.73216904 13.73261691 13.73307839 13.73355387 13.73404376 13.73454848 13.73506846 13.73560415 13.736156 13.73672448 13.73731006 13.73791323 13.73853449 13.73917437 13.73983338 13.74051207 13.74121099 13.74193071 13.7426718 13.74343485 13.74422048 13.7450293 13.74586194 13.74671905 13.74760128 13.74850931 13.74944383 13.75040552 13.75139511 13.75241331 13.75346086 13.7545385 13.755647 13.75678712 13.75795964 13.75916535 13.76040505 13.76167954 13.76298964 13.76433615 13.76571991 13.76714174 13.76860246 13.77010289 13.77164387 13.7732262 13.77485071 13.77651819 13.77822942 13.77998519 13.78178623 13.7836333 13.78552707 13.78746823 13.7894574 13.79149517 13.79358207 13.7957186 13.79790516 13.80014209 13.80242968 13.80476808 13.80715738 13.80959753 13.81208837 13.8146296 13.81722077 13.81986126 13.82255026 13.82528676 13.82806952 13.83089708 13.83376767 13.83667927 13.83962949 13.84261563 13.84563457 13.84868281 13.85175637 13.85485077 13.857961 13.86108147 13.86420593 13.86732748 13.87043844 13.87353033 13.87659382 13.8796186 13.88259339 13.88550577 13.88834217 13.89108775 13.8937263 13.89624019 13.89861018 13.9008154 13.90283321 13.90463905 13.90620638 13.90750652 13.90850855 13.90917915 13.90948255 13.90938032 13.90883133 13.90779159 13.9062142 13.90404922 13.9012436 13.89774116 13.89348254 13.88840525 13.88244363 13.87552901 13.86758984 13.85855186 13.84833837 13.83687061 13.82406819 13.80984957 13.79413277 13.77683612 13.75787913 13.73718356 13.71467458 13.6902821 13.66394229 13.63559919 13.60520652 13.57272957 13.53814726 13.50145423 13.462663 13.42180612 13.37893822 13.33413797 13.28750975 13.239185 13.18932317 13.13811208 13.08576757 13.03253243 12.97867441 12.92448318 12.87026638 12.81634446 12.7630446 12.71069363 12.65961018 12.61009628 12.56242874 12.51685059 12.47356316 12.4327191 12.39441691 12.35869738 12.32554221 12.29487521 12.26656598 12.24043602 12.21626711 12.19381115 12.17280125 12.15296285 12.13402453 12.11572745 12.09783307 12.08012859 12.06242999 12.04458284 12.02646109 12.00796426 11.98901378 11.96954873 11.94952176 11.92889526 11.90763828 11.88572402 11.863128 11.83982688 11.8157976 11.79101694 11.76546117 11.73910599 11.71192634 11.68389644 11.65498967 11.62517861 11.59443496 11.56272956 11.53003231 11.49631218 11.46153719 11.42567432 11.40717698 11.40717698 11.40717698 11.40717698 11.40717698 11.40717698 11.40717698 11.40717698 11.40717698 11.40717698 11.40717698 11.40717698 11.40717698 11.40717698 11.40717698 11.40717698 11.40717698 11.40717698 11.40717698 11.40717698 11.40717698 11.40717698 11.40717698 11.40717698 11.40717698 11.40717698 11.40717698 11.40717698 11.40717698 11.40717698 11.40717698 11.40717698 11.40717698 11.40717698 11.40717698 11.40717698 11.40717698 11.40717698 11.40717698 11.40717698 11.40717698 11.40717698 11.40717698 11.40717698 11.40717698 11.40717698 11.40717698 11.40717698 11.40717698 11.40717698 11.40717698 11.40717698 11.40717698 11.40717698 11.40717698 11.40717698 11.40717698 11.40717698 11.40717698 11.40717698 11.40717698 11.40717698 11.40717698 11.40717698 11.40717698 11.40717698 11.40717698 11.40717698 11.40717698 11.40717698 11.40717698 11.40717698 11.40717698 11.40717698 11.40717698 11.40717698 11.40717698 11.40717698 11.40717698 11.40717698 11.40717698 11.40717698 11.40717698 11.40717698 11.40717698 11.40717698 11.40717698 11.40717698 11.40717698 11.40717698 11.40717698 11.40717698 11.40717698 11.40717698 11.40717698 11.40717698 11.40717698 11.40717698 11.40717698 11.40717698 11.40717698 11.40717698 11.40717698 11.40717698 11.40717698
28 14 7 4 0 0 0 0 0 0 0 0 0 0 0 0 0 0 0 0 0 0 0 0 0 0 0 0 0 0 0 0 0 0 0 0.008642508929 0.03161126375 0.05465098026 0.07776138365 0.1009421991 0.1241931517 0.1475139667 0.1709043693 0.1943640845 0.2178928377 0.2414903539 0.2651563583 0.2888905762 0.3126927326 0.3365625527 0.3604997618 0.3845040849 0.4085752473 0.4327129741 0.4569169905 0.4811870216 0.5055227927 0.5299240289 0.5543904553 0.5789217972 0.6035177797 0.628178128 0.6529025672 0.6776908225 0.7025426191 0.7274576822 0.7524357369 0.7774765084 0.8025797219 0.8277451025 0.8529718954 0.8777853836 0.9018216145 0.9251595328 0.9478780831 0.9700562099 0.9917728578 1.013106971 1.034137495 1.054943374 1.075603552 1.096196974 1.116802585 1.137499329 1.158366151 1.179481995 1.200925806 1.222776529 1.245113107 1.268014487 1.291559611 1.315827426 1.340896875 1.366846903 1.393756455 1.421704474 1.450769907 1.481031697 1.512568789 1.545460127 1.579784657 1.615621322 1.653049068 1.692146838 1.732993578 1.775668232 1.822133864 1.87792886 1.943026336 2.0170021 2.099431956 2.18989171 2.287957166 2.393204131 2.505208408 2.623545805 2.747792125 2.877523174 3.012314757 3.15174268 3.295382748 3.442810767 3.59360254 3.747333874 3.903580574 4.061918446 4.221923293 4.383170923 4.545237139 4.707697748 4.870128554 5.032105363 5.193203979 5.35300021 5.511069858 5.666988731 5.820332632 5.970677368 6.117598743 6.260672563 6.399474633 6.53387722 6.66724363 6.800633194 6.934045908 7.067481764 7.200940758 7.334422882 7.467928132 7.6014565 7.735007982 7.868582571 8.002180261 8.135801046 8.269444921 8.403111879 8.536801914 8.670515021 8.804251193 8.938010424 9.071792709 9.205598042 9.339426416 9.473277826 9.607152265 9.741049728 9.874970209 10.0089137 10.1428802 10.2768697 10.41088219 10.54491767 10.67897613 10.81305757 10.94716198 11.08128935 11.21543968 11.21570695 11.21570695 11.21570695 11.21570695 11.21570695 11.21570695 11.21570695 11.21570695 11.21570695 11.21570695 11.21570695 11.21570695 11.21570695 11.21570695 11.21570695 11.21570695 11.21570695 11.21570695 11.21570695 11.21570695 11.21570695 11.21570695 11.21570695 11.21570695 11.21570695 11.21570695 11.21570695 11.21570695 11.21570695 11.21570695 11.21570695 11.21570695 11.21570695 11.21570695 11.21570695 11.21570695 11.21570695 11.21570695 11.21570695 11.21570695 11.21570695 11.21570695 11.21570695 11.21570695 11.21570695 11.21570695 11.21570695 11.21570695 11.21570695 11.21570695 11.21570695 11.21570695 11.21570695 11.21570695 11.21570695 11.21570695 11.21570695 11.21570695 11.21570695 11.21570695 11.21570695 11.21570695 11.21570695 11.21570695 11.21570695 11.21570695 11.21570695 11.21570695 11.21570695 11.21570695 11.21570695 11.21570695 11.21570695 11.21570695 11.21570695 11.21570695 11.21570695 11.21570695 11.21570695 11.21570695 11.21570695 11.21570695 11.21570695 11.21570695 11.21570695 11.21570695 11.21570695 11.21570695 11.21570695 11.21570695 11.21570695 11.21570695 11.21570695 11.21570695 11.21570695 11.21570695 11.21570695 11.21570695 11.21570695 11.21570695 11.21570695 11.21570695 11.21570695 11.21570695 11.21570695 11.21570695 11.21570695 11.21570695 11.21570695 11.21570695 11.21570695 11.21570695 11.21570695 11.21570695 11.21570695 11.21570695 11.21570695 11.21570695 11.21570695 11.21570695 11.21570695 11.21570695 11.21570695 11.21570695 11.21570695 11.21570695 11.21570695
28 14 10 4 0 0 0 0 0 0 0 0 0 0 0 0 0 0 0 0 0 0 0 0 0 0 0 0 0 0 0 0 0 0 0 0 0 0 0 0 0 0 0 0 0 0 0 0 0 0 3.581145312e-06 5.971528668e-05 0.0001830034858 0.000372226358 0.0006261645184 0.0009435985823 0.001323309165 0.001764076882 0.002264682347 0.002823906177 0.003440528987 0.004113331392 0.004841094007 0.005622597447 0.006456622328 0.007341949265 0.008277358872 0.009261631766 0.01029354856 0.01137188987 0.01249543632 0.01366296851 0.01487326706 0.0161251126 0.01741728572 0.01874856705 0.02011773721 0.0215235768 0.02296486645 0.02444038677 0.02594891837 0.02748924188 0.02916835635 0.03125321039 0.03374816329 0.03664437555 0.03993300767 0.04360522017 0.04765217354 0.0520650283 0.05683494496 0.06195308401 0.06741060596 0.07319867132 0.0793084406 0.08573107431 0.09245773294 0.09947957701 0.106787767 0.1143734635 0.1222278269 0.1303420178 0.1387071966 0.1473145239 0.1561551602 0.165220266 0.1745010018 0.183988528 0.1936740053 0.2035485941 0.2136034549 0.2238297482 0.2342186346 0.2447753513 0.2561779615 0.2687765158 0.2825325942 0.2974077767 0.3133636433 0.3303617739 0.3483637486 0.3673311473 0.38722555 0.4080085367 0.4296416874 0.452086582 0.4753048005 0.499257923 0.5239075294 0.5492151996 0.5751425137 0.6016510517 0.6287023934 0.656258119 0.6842798084 0.7127290416 0.7415673985 0.7707564591 0.8002578035 0.8300330116 0.8600436634 0.8902513388 0.9206176179 0.9511040807 0.981672307 1.012439649 1.044067329 1.076620419 1.11008246 1.144436994 1.179667563 1.215757709 1.252690974 1.290450898 1.329021025 1.368384896 1.408526051 1.449428035 1.491074387 1.53344865 1.576534366 1.620315076 1.664774322 1.709895646 1.755662589 1.802058694 1.849067502 1.896672555 1.944857395 1.993605563 2.042900601 2.092726052 2.143065456 2.193902355 2.245220292 2.297002808 2.349233444 2.349337933 2.349337933 2.349337933 2.349337933 2.349337933 2.349337933 2.349337933 2.349337933 2.349337933 2.349337933 2.349337933 2.349337933 2.349337933 2.349337933 2.349337933 2.349337933 2.349337933 2.349337933 2.349337933 2.349337933 2.349337933 2.349337933 2.349337933 2.349337933 2.349337933 2.349337933 2.349337933 2.349337933 2.349337933 2.349337933 2.349337933 2.349337933 2.349337933 2.349337933 2.349337933 2.349337933 2.349337933 2.349337933 2.349337933 2.349337933 2.349337933 2.349337933 2.349337933 2.349337933 2.349337933 2.349337933 2.349337933 2.349337933 2.349337933 2.349337933 2.349337933 2.349337933 2.349337933 2.349337933 2.349337933 2.349337933 2.349337933 2.349337933 2.349337933 2.349337933 2.349337933 2.349337933 2.349337933 2.349337933 2.349337933 2.349337933 2.349337933 2.349337933 2.349337933 2.349337933 2.349337933 2.349337933 2.349337933 2.349337933 2.349337933 2.349337933 2.349337933 2.349337933 2.349337933 2.349337933 2.349337933 2.349337933 2.349337933 2.349337933 2.349337933 2.349337933 2.349337933 2.349337933 2.349337933 2.349337933 2.349337933 2.349337933 2.349337933 2.349337933 2.349337933 2.349337933 2.349337933 2.349337933 2.349337933 2.349337933 2.349337933 2.349337933 2.349337933 2.349337933 2.349337933 2.349337933 2.349337933 2.349337933 2.349337933 2.349337933 2.349337933 2.349337933 2.349337933 2.349337933 2.349337933 2.349337933 2.349337933 2.349337933 2.349337933 2.349337933 2.349337933 2.349337933 2.349337933 2.349337933 2.349337933 2.349337933 2.349337933
28 14 22 11 16.36768512 16.36828734 16.36890867 16.36954974 16.37021117 16.37089362 16.37159777 16.37232432 16.37307399 16.37384752 16.3746457 16.37546931 16.37631919 16.37719617 16.37810115 16.37903502 16.37999874 16.38099326 16.38201959 16.38307878 16.38417188 16.38530001 16.3864643 16.38766595 16.38890618 16.39018624 16.39150744 16.39287114 16.39427873 16.39573164 16.39723138 16.39877948 16.40037753 16.40202718 16.40373014 16.40548816 16.40730307 16.40917674 16.41111111 16.4131082 16.41517008 16.4172989 16.41949688 16.4217663 16.42410954 16.42652904 16.42902733 16.43160703 16.43427082 16.4370215 16.43986194 16.44279511 16.44582407 16.44895199 16.45218212 16.45551784 16.4589626 16.46251999 16.46619368 16.46998747 16.47390526 16.47795106 16.482129 16.48644332 16.49089838 16.49549864 16.50024869 16.5051532 16.51021698 16.51544494 16.52084206 16.52641345 16.5321643 16.53809986 16.54422547 16.55054653 16.55706847 16.56379677 16.5707369 16.57789434 16.58527452 16.59288281 16.60072449 16.6088047 16.61712842 16.62570039 16.63452509 16.64360666 16.65294884 16.66255488 16.67242747 16.68256865 16.69297966 16.70366089 16.71461168 16.72583022 16.73731334 16.74905638 16.76105296 16.77329475 16.78577128 16.79846959 16.81137403 16.82446589 16.83772306 16.85111968 16.86462573 16.87820662 16.8918227 16.90542878 16.91897364 16.93239949 16.94564138 16.95862667 16.97127441 16.98349478 16.99518851 17.00624633 17.01654847 17.02596419 17.03435144 17.04155661 17.04741441 17.05174795 17.05436905 17.05507877 17.05366837 17.04992049 17.0436109 17.03451066 17.02238882 17.00701575 16.9881671 16.96562835 16.93920017 16.90870429 16.8739901 16.83494167 16.79148527 16.743597 16.69131044 16.63472384 16.57400673 16.50940521 16.44124567 16.36993631 16.29596607 16.21990027 16.14237289 16.06407493 15.985739 15.90812019 15.83197378 15.75803051 15.6869706 15.61939791 15.55581582 15.49660667 15.44201642 15.39214603 15.34695055 15.30624644 15.26972682 15.23698362 15.20753484 15.18085459 15.15640331 15.13365555 15.11212305 15.09137163 15.07103105 15.05079816 15.03043416 15.00975765 14.98863497 14.96696981 14.9446932 14.92175492 14.89811672 14.87374737 14.84861936 14.82270679 14.79598418 14.76842581 14.74000539 14.71069591 14.68046954 14.6492976 14.6171505 14.58399773 14.54980785 14.5145484 14.47818591 14.4406859 14.40201277 14.38206595 14.38206595 14.38206595 14.38206595 14.38206595 14.38206595 14.38206595 14.38206595 14.38206595 14.38206595 14.38206595 14.38206595 14.38206595 14.38206595 14.38206595 14.38206595 14.38206595 14.38206595 14.38206595 14.38206595 14.38206595 14.38206595 14.38206595 14.38206595 14.38206595 14.38206595 14.38206595 14.38206595 14.38206595 14.38206595 14.38206595 14.38206595 14.38206595 14.38206595 14.38206595 14.38206595 14.38206595 14.38206595 14.38206595 14.38206595 14.38206595 14.38206595 14.38206595 14.38206595 14.38206595 14.38206595 14.38206595 14.38206595 14.38206595 14.38206595 14.38206595 14.38206595 14.38206595 14.38206595 14.38206595 14.38206595 14.38206595 14.38206595 14.38206595 14.38206595 14.38206595 14.38206595 14.38206595 14.38206595 14.38206595 14.38206595 14.38206595 14.38206595 14.38206595 14.38206595 14.38206595 14.38206595 14.38206595 14.38206595 14.38206595 14.38206595 14.38206595 14.38206595 14.38206595 14.38206595 14.38206595 14.38206595 14.38206595 14.38206595 14.38206595 14.38206595 14.38206595 14.38206595 14.38206595 14.38206595 14.38206595 14.38206595 14.38206595 14.38206595 14.38206595 14.38206595 14.38206595 14.38206595 14.38206595 14.38206595 14.38206595 14.38206595 14.38206595 14.38206595 14.38206595
51 23 7 4 7.016973795 7.016973795 7.016973795 7.016973795 7.016973795 7.016973795 7.016973795 7.016973795 7.016973795 7.016973795 7.016973795 7.016973795 7.016973795 7.016973795 7.016973795 7.016973795 7.016973795 7.016973795 7.016973795 7.016973795 7.016973795 7.016973795 7.016973795 7.016973795 7.016973795 7.016973795 7.016973795 7.016973795 7.016973795 7.016973795 7.016973795 7.016973795 7.016973795 7.016973795 7.016973795 7.016973795 7.016973795 7.016973795 7.016973795 7.016973795 7.016973795 7.016973795 7.016973795 7.016973795 7.016973795 7.016973795 7.016973795 7.016973795 7.016973795 7.016973795 7.016973795 7.016973795 7.016973795 7.016973795 7.016973795 7.016973795 7.016973795 7.016973795 7.016973795 7.016973795 7.016973795 7.016973795 7.016973795 7.016973795 7.016973795 7.016973795 7.016973795 7.016973795 7.016973795 7.016973795 7.016973795 7.016973795 7.016973795 7.016973795 7.016973795 7.016973795 7.016973795 7.016973795 7.016973795 7.016973795 7.016973795 7.016973795 7.016973795 7.016973795 7.016973795 7.016973795 7.016973795 7.016973795 7.016973795 7.016973795 7.016973795 7.016973795 7.016973795 7.016973795 7.016973795 7.016973795 7.016973795 7.016973795 7.016973795 7.016973795 7.016973795 7.016973795 7.016973795 7.016973795 7.016973795 7.016973795 7.016973795 7.016973795 7.016973795 7.016973795 7.016973795 7.016973795 7.016973795 7.016973795 7.016973795 7.016973795 7.016973795 7.016973795 7.016973795 7.016973795 7.016973795 7.016973795 7.016973795 7.016973795 7.016973795 7.016973795 7.016973795 7.016973795 7.016973795 7.016973795 7.016973795 7.016973795 7.016973795 7.016973795 7.016973795 7.016973795 7.016973795 7.016973795 7.016973795 7.016973795 7.016973795 7.016973795 7.016973795 7.016973795 7.016973795 7.016973795 7.016973795 7.016973795 7.016973795 7.016973795 7.016973795 7.016973795 7.016973795 7.016973795 7.016973795 7.016973795 7.016973795 7.016973795 7.016973795 7.016973795 7.016973795 7.016973795 7.016973795 7.016973795 7.016973795 7.016973795 7.016973795 7.016973795 7.016973795 7.016973795 7.016973795 7.016973795 7.016973795 7.016973795 7.016973795 7.016973795 7.016973795 7.016973795 7.016973795 7.016973795 7.016973795 7.016973795 7.016973795 7.016973795 7.016973795 7.016973795 7.016973795 7.016973795 7.016973795 7.016973795 7.016973795 7.016973795 7.016973795 7.016973795 7.016973795 7.016973795 7.016973795 7.016973795 7.016973795 7.016973795 7.016973795 7.016973795 7.016973795 7.016973795 7.016973795 7.016973795 7.016973795 7.016973795 7.016973795 7.016973795 7.016973795 7.016973795 7.016973795 7.016973795 7.016973795 7.016973795 7.016973795 7.016973795 7.016973795 7.016973795 7.016973795 7.016973795 7.016973795 7.016973795 7.016973795 7.016973795 7.016973795 7.016973795 7.016973795 7.016973795 7.016973795 7.016973795 7.016973795 7.016973795 7.016973795 7.016973795 7.016973795 7.016973795 7.016973795 7.016973795 7.016973795 7.016973795 7.016973795 7.016973795 7.016973795 7.016973795 7.016973795 7.016973795 7.016973795 7.016973795 7.016973795 7.016973795 7.016973795 7.016973795 7.016973795 7.016973795 7.016973795 7.016973795 7.016973795 7.016973795 7.016973795 7.016973795 7.016973795 7.016973795 7.016973795 7.016973795 7.016973795 7.016973795 7.016973795 7.016973795 7.016973795 7.016973795 7.016973795 7.016973795 7.016973795 7.016973795 7.016973795 7.016973795 7.016973795 7.016973795 7.016973795 7.016973795 7.016973795 7.016973795 7.016973795 7.016973795 7.016973795 7.016973795 7.016973795 7.016973795 7.016973795 7.016973795 7.016973795 7.016973795 7.016973795 7.016973795 7.016973795 7.016973795 7.016973795 7.016973795
55 25 10 4 0 0 0 0 0 0 0 0 0 0 0 0 0 0 0 0 0 0 0 0 0 0 0.0001636895332 0.0004144210352 0.0006982234354 0.001014302333 0.001361863327 0.001740112018 0.002148254004 0.002585494885 0.003051040261 0.003544095731 0.004063866893 0.004609559349 0.005180378696 0.005775530535 0.006394220464 0.007035654083 0.007699036993 0.008383574791 0.009088473077 0.009812937451 0.01055617351 0.01131738686 0.01209578309 0.01289056781 0.01370094662 0.0145261251 0.01536530888 0.01621770353 0.01708251467 0.01795894788 0.01884620878 0.01974350296 0.02065003602 0.02156501356 0.02248764118 0.02341712447 0.02435266905 0.02529346869 0.02623500169 0.02717612795 0.02811987673 0.02906927728 0.03002735887 0.03099715073 0.03198168213 0.03298398232 0.03400708055 0.03505400608 0.03612778816 0.03723145604 0.03836803899 0.03954056624 0.04075206707 0.04200557071 0.04330410643 0.04465070348 0.04604839111 0.04750019857 0.04900915513 0.05057829003 0.05221063253 0.05390921188 0.05567705734 0.05751719815 0.05943266359 0.06142648288 0.0635016853 0.0656613001 0.06790835652 0.07024588383 0.07267691128 0.07520446812 0.0778315836 0.08056128698 0.08339660751 0.08641267901 0.09038303719 0.09550247832 0.1017531658 0.1091172629 0.1175769331 0.1271143397 0.137711646 0.1493510156 0.1620146116 0.1756845975 0.1903431367 0.2059723925 0.2225545282 0.2400717073 0.2585060931 0.277839849 0.2980551383 0.3191341245 0.3410589708 0.3638118407 0.3873748974 0.4117303045 0.4368602252 0.4627468229 0.4893722609 0.5167187027 0.5447683117 0.573503251 0.6029056843 0.6329577747 0.6636416857 0.6949395806 0.7268336229 0.7593059758 0.7923388027 0.8259142671 0.8600145322 0.8956364953 0.9358318028 0.9807098676 1.030160769 1.084074585 1.142341395 1.204851278 1.271494313 1.342160578 1.416740152 1.495123115 1.577199545 1.662859521 1.751993121 1.844490425 1.940241512 2.03913646 2.141065348 2.245918255 2.35358526 2.463956442 2.576921879 2.692371651 2.810195836 2.930284513 3.052527761 3.176815659 3.303038286 3.43108572 3.56084804 3.692215326 3.825077656 3.959325109 4.094847764 4.231535699 4.369278994 4.507967728 4.647491978 4.647770696 4.647770696 4.647770696 4.647770696 4.647770696 4.647770696 4.647770696 4.647770696 4.647770696 4.647770696 4.647770696 4.647770696 4.647770696 4.647770696 4.647770696 4.647770696 4.647770696 4.647770696 4.647770696 4.647770696 4.647770696 4.647770696 4.647770696 4.647770696 4.647770696 4.647770696 4.647770696 4.647770696 4.647770696 4.647770696 4.647770696 4.647770696 4.647770696 4.647770696 4.647770696 4.647770696 4.647770696 4.647770696 4.647770696 4.647770696 4.647770696 4.647770696 4.647770696 4.647770696 4.647770696 4.647770696 4.647770696 4.647770696 4.647770696 4.647770696 4.647770696 4.647770696 4.647770696 4.647770696 4.647770696 4.647770696 4.647770696 4.647770696 4.647770696 4.647770696 4.647770696 4.647770696 4.647770696 4.647770696 4.647770696 4.647770696 4.647770696 4.647770696 4.647770696 4.647770696 4.647770696 4.647770696 4.647770696 4.647770696 4.647770696 4.647770696 4.647770696 4.647770696 4.647770696 4.647770696 4.647770696 4.647770696 4.647770696 4.647770696 4.647770696 4.647770696 4.647770696 4.647770696 4.647770696 4.647770696 4.647770696 4.647770696 4.647770696 4.647770696 4.647770696 4.647770696 4.647770696 4.647770696 4.647770696 4.647770696 4.647770696 4.647770696 4.647770696 4.647770696 4.647770696 4.647770696 4.647770696 4.647770696 4.647770696 4.647770696 4.647770696 4.647770696 4.647770696 4.647770696 4.647770696 4.647770696 4.647770696 4.647770696 4.647770696 4.647770696 4.647770696 4.647770696 4.647770696 4.647770696 4.647770696 4.647770696 4.647770696
56 26 6 3 0.3309332267 0.3298173876 0.3287235545 0.3276521051 0.3266034314 0.3255779405 0.3245760553 0.3235982148 0.3226448754 0.3217165107 0.320813613 0.3199366937 0.3190862843 0.318262937 0.3174672259 0.3166997475 0.3159611222 0.3152519951 0.3145730369 0.3139249455 0.3133084468 0.3127242962 0.31217328 0.3116562165 0.311173958 0.310727392 0.3103174431 0.3099450745 0.3096112904 0.3093171373 0.3090637068 0.3088521373 0.3086836166 0.3085593844 0.3084807348 0.3084490193 0.3084656496 0.3085321011 0.3086499156 0.3088207057 0.3090461579 0.3093280369 0.30966819 0.3100685515 0.3105311475 0.3110581013 0.3116516385 0.3123140933 0.3130479147 0.3138556727 0.314740066 0.3157039293 0.3167502414 0.317882134 0.3191029011 0.3204160085 0.3218251048 0.3233340325 0.3249468404 0.3266677967 0.3285014025 0.3304524074 0.3325258253 0.3347269517 0.337061382 0.3395350322 0.3421541593 0.3449253854 0.3478557217 0.3509525954 0.3542238789 0.3576779202 0.3613235765 0.3651702505 0.3692279286 0.3735072235 0.3780194192 0.3827765199 0.3877913026 0.3930773748 0.3986492359 0.404522344 0.4107131886 0.4172393683 0.4241196765 0.4313741925 0.4390243815 0.4470932023 0.4556052248 0.4645867564 0.47406598 0.4840731032 0.4946405205 0.5058029893 0.5175978206 0.5300650861 0.5432478436 0.5571923804 0.5719484784 0.5875697017 0.6041137077 0.6216425855 0.6402232225 0.659927701 0.6808337285 0.703025103 0.7265922169 0.7516326008 0.7782515111 0.8065625641 0.8366884187 0.8687615112 0.9029248451 0.9393328371 0.9781522247 1.019563034 1.063759612 1.110951724 1.161365719 1.215245755 1.272855099 1.334477477 1.400418498 1.471007121 1.546597171 1.627568904 1.714330582 1.807320075 1.907006446 2.013891517 2.128511373 2.25143778 2.383279472 2.524683264 2.676334918 2.838959696 3.013322491 3.200227417 3.400516692 3.615068602 3.844794254 4.090632767 4.353544406 4.634501028 4.934473027 5.25441173 5.595225933 5.957750932 6.342708099 6.75065266 7.181907061 7.636477082 8.11394784 8.613357146 9.133044462 9.670475179 10.22204227 10.65817114 10.69027912 10.73895766 10.8045984 10.8874247 10.98747878 11.10461258 11.2384829 11.38855137 11.55408944 11.73418839 11.92777413 12.1336262 12.3504003 12.5766531 12.81086847 13.0514838 13.29691522 13.54558095 13.79592191 14.04641936 14.29560935 14.54209445 14.78455326 15.02174822 15.25253275 15.47585805 15.69078012 15.89646718 16.09220709 16.27741469 16.45163802 16.61456296 16.76601538 16.90596013 17.03449652 17.15185005 17.25836044 17.35446655 17.44068875 17.51760962 17.58585432 17.64607132 17.69891498 17.74503047 17.78504189 17.81954379 17.84909606 17.87422181 17.89540761 17.91310529 17.9277345 17.9396853 17.94932009 17.95697479 17.96295895 17.96755521 17.97101823 17.97357369 17.97541763 17.97671652 17.97760821 17.97820374 17.97858998 17.97883277 17.97898039 17.97906703 17.979116 17.9791426 17.97915644 17.97916332 17.97916658 17.97916805 17.97916868 17.97916893 17.97916903 17.97916906 17.97916907 17.97916908 17.97916908 17.97916908 17.97916908 17.97916908 17.97916908 17.97916908 17.97916908 17.97916908 17.97916908 17.97916908 17.97916908 17.97916908 17.97916908 17.97916908 17.97916908 17.97916908 17.97916908 17.97916908 17.97916908 17.97916908 17.97916908 17.97916908 17.97916908 17.97916908 17.97916908 17.97916908 17.97916908 17.97916908 17.97916908 17.97916908 17.97916908 17.97916908 17.97916908 17.97916908 17.97916908 17.97916908 17.97916908 17.97916908 17.97916908 17.97916908 17.97916908 17.97916908 17.97916908 17.97916908 17.97916908 17.97916908 17.97916908 17.97916908 17.97916908 17.97916908 17.97916908 17.97916908 17.97916908 17.97916908 17.97916908 17.97916908 17.97916908 17.97916908 17.97916908 17.97916908 17.97916908 17.97916908 17.97916908 17.97916908
56 26 7 3 0.4278732629 0.4264305617 0.4250163129 0.4236310046 0.4222751436 0.4209492564 0.4196538896 0.4183896111 0.4171570106 0.4159567006 0.4147893178 0.4136555232 0.412556004 0.4114914742 0.4104626759 0.4094703806 0.4085153904 0.4075985391 0.4067206942 0.4058827579 0.4050856686 0.4043304032 0.4036179782 0.4029494517 0.4023259255 0.4017485472 0.4012185122 0.400737066 0.4003055067 0.3999251876 0.3995975199 0.3993239755 0.3991060902 0.3989454667 0.3988437783 0.3988027724 0.3988242743 0.3989101913 0.3990625172 0.3992833367 0.3995748304 0.39993928 0.400379074 0.4008967131 0.401494817 0.4021761309 0.4029435326 0.4038000399 0.404748819 0.405793193 0.406936651 0.408182858 0.4095356656 0.4109991228 0.4125774883 0.4142752433 0.4160971051 0.418048042 0.4201332886 0.4223583634 0.4247290861 0.4272515975 0.4299323802 0.4327782809 0.4357965343 0.4389947891 0.4423811353 0.4459641347 0.4497528522 0.4537568911 0.4579864293 0.4624522605 0.4671658363 0.4721393137 0.4773856046 0.4829184304 0.4887523804 0.4949029752 0.5013867347 0.5082212523 0.5154252747 0.5230187883 0.5310231125 0.5394610015 0.5483567535 0.5577363297 0.5676274831 0.578059898 0.5890653412 0.6006778265 0.6129337923 0.625872295 0.6395352184 0.6539675013 0.6692173841 0.685336677 0.7023810503 0.7204103504 0.7394889418 0.7596860789 0.7810763089 0.8037399086 0.8277633584 0.8532398559 0.8802698712 0.9089617493 0.9394323613 0.9718078071 1.006224176 1.042828366 1.081778966 1.123247206 1.167417981 1.214490941 1.264681664 1.318222912 1.375365963 1.436382027 1.501563758 1.571226835 1.645711643 1.725385021 1.810642099 1.901908196 1.999640787 2.104331512 2.216508227 2.336737066 2.465624496 2.603819335 2.752014705 2.910949857 3.081411842 3.264236947 3.460311813 3.670574153 3.896012917 4.137667771 4.396627643 4.674028092 4.971047116 5.288898931 5.628825091 5.992082137 6.379924722 6.793582843 7.234231509 7.702950701 8.200673098 8.72811657 9.285698018 9.873424914 10.49076084 11.13646176 11.80838072 12.50324064 13.21637788 13.78026168 13.82177502 13.88471294 13.96958177 14.07667032 14.20603318 14.3574789 14.53056375 14.72459168 14.93862069 15.1714759 15.42176857 15.68792075 15.96819433 16.26072319 16.56354712 16.87464572 17.1919712 17.5134784 17.83715156 18.16102705 18.48321208 18.8018999 19.11538199 19.4220583 19.72044638 20.0091902 20.28706925 20.55300807 20.80608593 21.04554626 21.27080471 21.48145514 21.67727241 21.85821108 22.02439955 22.17612935 22.31383976 22.43809817 22.54957737 22.64903063 22.73726619 22.81512252 22.88344564 22.9430697 22.99480163 23.03941015 23.07761914 23.11010497 23.13749671 23.16037855 23.1792931 23.19474463 23.20720173 23.21709872 23.22483582 23.23077846 23.2352559 23.23855993 23.24094401 23.24262338 23.24377627 23.24454625 23.24504563 23.24535954 23.24555041 23.24566243 23.24572574 23.24576013 23.24577802 23.24578692 23.24579114 23.24579304 23.24579385 23.24579418 23.2457943 23.24579434 23.24579436 23.24579436 23.24579436 23.24579436 23.24579436 23.24579436 23.24579436 23.24579436 23.24579436 23.24579436 23.24579436 23.24579436 23.24579436 23.24579436 23.24579436 23.24579436 23.24579436 23.24579436 23.24579436 23.24579436 23.24579436 23.24579436 23.24579436 23.24579436 23.24579436 23.24579436 23.24579436 23.24579436 23.24579436 23.24579436 23.24579436 23.24579436 23.24579436 23.24579436 23.24579436 23.24579436 23.24579436 23.24579436 23.24579436 23.24579436 23.24579436 23.24579436 23.24579436 23.24579436 23.24579436 23.24579436 23.24579436 23.24579436 23.24579436 23.24579436 23.24579436 23.24579436 23.24579436 23.24579436 23.24579436 23.24579436 23.24579436 23.24579436 23.24579436 23.24579436 23.24579436 23.24579436 23.24579436 23.24579436 23.24579436 23.24579436
56 26 7 4 0 0 0 0 0 0 0 0 0 0 0 0 0 0 0 0 0 0 0 0 0 0 0 0.0005999472518 0.004913898165 0.009271375648 0.01367198164 0.01811531809 0.02260098693 0.0271285901 0.03169772955 0.03630800721 0.04095902503 0.04565038494 0.0503816889 0.05515253882 0.05996253667 0.06481128438 0.06969838388 0.07462343713 0.07958604605 0.0845858126 0.08962233871 0.09469522633 0.09980407738 0.1049484938 0.1101280776 0.1153424306 0.1205911549 0.1258738522 0.1311901247 0.1365395742 0.1419218027 0.1473364121 0.1527830043 0.1582611813 0.1637705451 0.1693106975 0.1748812406 0.1804817762 0.1861119062 0.1916981899 0.1971256595 0.2024098405 0.2075684431 0.2126191776 0.2175797541 0.2224678827 0.2273012737 0.2320976373 0.2368746836 0.2416501229 0.2464416653 0.2512670209 0.2561439001 0.261090013 0.2661230697 0.2712607804 0.2765208554 0.2819210049 0.2874789389 0.2932123678 0.2991390016 0.3052765506 0.311642725 0.3182552349 0.3251317906 0.3322901021 0.3397478798 0.3475228338 0.3556326743 0.3640951114 0.3729278554 0.3821486164 0.3917751047 0.4018250304 0.4123161037 0.4232660347 0.434986524 0.4488297374 0.4649366811 0.4832781526 0.5038249491 0.5265478679 0.5514177064 0.5784052618 0.6074813315 0.6386167127 0.6717822028 0.7069485991 0.7440866989 0.7831672995 0.8241611982 0.8670391923 0.9117720792 0.9583306561 1.00668572 1.056808069 1.1086685 1.162237811 1.217486797 1.274386258 1.33290699 1.393019791 1.454695457 1.517904786 1.582618576 1.648807624 1.716442727 1.785494682 1.855934287 1.927732339 2.000859635 2.075286973 2.15098515 2.228249235 2.312675762 2.406144541 2.508448401 2.619380171 2.738732678 2.866298751 3.001871218 3.145242907 3.296206647 3.454555266 3.620081592 3.792578454 3.971838678 4.157655095 4.349820532 4.548127817 4.752369779 4.962339245 5.177829045 5.398632006 5.624540957 5.855348725 6.09084814 6.330832028 6.57509322 6.823424542 7.075618824 7.331468893 7.590767577 7.853307705 8.118882106 8.387283607 8.658305036 8.931739222 9.207378994 9.485017178 9.764446605 9.765004927 9.765004927 9.765004927 9.765004927 9.765004927 9.765004927 9.765004927 9.765004927 9.765004927 9.765004927 9.765004927 9.765004927 9.765004927 9.765004927 9.765004927 9.765004927 9.765004927 9.765004927 9.765004927 9.765004927 9.765004927 9.765004927 9.765004927 9.765004927 9.765004927 9.765004927 9.765004927 9.765004927 9.765004927 9.765004927 9.765004927 9.765004927 9.765004927 9.765004927 9.765004927 9.765004927 9.765004927 9.765004927 9.765004927 9.765004927 9.765004927 9.765004927 9.765004927 9.765004927 9.765004927 9.765004927 9.765004927 9.765004927 9.765004927 9.765004927 9.765004927 9.765004927 9.765004927 9.765004927 9.765004927 9.765004927 9.765004927 9.765004927 9.765004927 9.765004927 9.765004927 9.765004927 9.765004927 9.765004927 9.765004927 9.765004927 9.765004927 9.765004927 9.765004927 9.765004927 9.765004927 9.765004927 9.765004927 9.765004927 9.765004927 9.765004927 9.765004927 9.765004927 9.765004927 9.765004927 9.765004927 9.765004927 9.765004927 9.765004927 9.765004927 9.765004927 9.765004927 9.765004927 9.765004927 9.765004927 9.765004927 9.765004927 9.765004927 9.765004927 9.765004927 9.765004927 9.765004927 9.765004927 9.765004927 9.765004927 9.765004927 9.765004927 9.765004927 9.765004927 9.765004927 9.765004927 9.765004927 9.765004927 9.765004927 9.765004927 9.765004927 9.765004927 9.765004927 9.765004927 9.765004927 9.765004927 9.765004927 9.765004927 9.765004927 9.765004927 9.765004927 9.765004927 9.765004927 9.765004927 9.765004927 9.765004927 9.765004927
56 26 9 4 0.111918124 0.1115407589 0.1111708361 0.1108084833 0.1104538329 0.1101070227 0.1097681957 0.1094375004 0.109115091 0.1088011279 0.1084957774 0.1081992126 0.1079116131 0.1076331657 0.1073640646 0.1071045115 0.1068547163 0.1066148969 0.1063852805 0.1061661028 0.1059576094 0.1057600559 0.105573708 0.1053988426 0.1052357479 0.1050847239 0.1049460835 0.1048201524 0.1047072701 0.1046077907 0.1045220832 0.1044505326 0.1043935407 0.1043515267 0.1043249282 0.1043142023 0.1043198265 0.1043422997 0.1043821434 0.1044399028 0.1045161483 0.1046114768 0.104726513 0.104861911 0.1050183561 0.1051965663 0.1053972943 0.1056213296 0.1058695002 0.1061426754 0.1064417679 0.1067677363 0.107121588 0.1075043822 0.1079172327 0.1083613118 0.1088378532 0.1093481567 0.1098935913 0.1104756005 0.1110957067 0.1117555159 0.112456724 0.1132011217 0.1139906014 0.1148271637 0.1157129249 0.1166501243 0.1176411331 0.1186884631 0.1197947767 0.120962897 0.1221958195 0.123496724 0.1248689879 0.1263162003 0.1278421772 0.1294509784 0.131146925 0.1329346188 0.1348189634 0.1368051866 0.1388988649 0.14110595 0.1434327976 0.1458861983 0.1484734115 0.1512022015 0.1540808777 0.1571183369 0.1603241102 0.1637084136 0.1672822026 0.1710572317 0.1750461192 0.1792624168 0.1837206862 0.1884365813 0.1934269379 0.1987098707 0.2043048789 0.2102329604 0.2165167357 0.2231805823 0.2302507801 0.2377556687 0.2457258179 0.2541942114 0.2631964458 0.2727709451 0.2829591911 0.2938059725 0.3053596513 0.3176724499 0.330800757 0.3448054556 0.3597522716 0.3757121459 0.3927616267 0.4109832863 0.4304661581 0.4513061961 0.4736067534 0.4974790803 0.5230428375 0.5504266228 0.5797685064 0.6112165712 0.6449294496 0.6810768525 0.7198400779 0.761412491 0.8059999595 0.8538212293 0.905108218 0.9601062012 1.019073858 1.082283131 1.15001885 1.222578041 1.300268831 1.383408821 1.472322762 1.567339326 1.668786689 1.776986582 1.892246347 2.014848475 2.145036926 2.28299947 2.428845156 2.582575939 2.744051509 2.912946464 3.088699229 3.270452624 3.45698679 3.604480973 3.615339552 3.631802122 3.654001127 3.682012106 3.715849341 3.755462756 3.800736284 3.851487857 3.907471085 3.968378648 4.0338473 4.103464299 4.17677501 4.253291318 4.332500486 4.413874051 4.496876366 4.580972489 4.665635161 4.750350754 4.834624176 4.917982838 4.999979845 5.080196678 5.15824557 5.233771828 5.306456206 5.376017396 5.442214569 5.504849823 5.563770313 5.618869811 5.670089421 5.717417257 5.760886908 5.800574631 5.83659532 5.869097395 5.898256831 5.924270659 5.947350294 5.967715049 5.985586218 6.001181989 6.014713428 6.026381605 6.036375872 6.044873136 6.05203795 6.058023118 6.062970564 6.067012197 6.070270582 6.07285932 6.074883101 6.076437508 6.077608665 6.078472894 6.079096494 6.079535765 6.079837325 6.080038727 6.080169348 6.080251458 6.080301383 6.080330684 6.080347245 6.080356239 6.080360919 6.080363247 6.080364351 6.080364848 6.08036506 6.080365145 6.080365178 6.080365189 6.080365193 6.080365194 6.080365194 6.080365194 6.080365194 6.080365194 6.080365194 6.080365194 6.080365194 6.080365194 6.080365194 6.080365194 6.080365194 6.080365194 6.080365194 6.080365194 6.080365194 6.080365194 6.080365194 6.080365194 6.080365194 6.080365194 6.080365194 6.080365194 6.080365194 6.080365194 6.080365194 6.080365194 6.080365194 6.080365194 6.080365194 6.080365194 6.080365194 6.080365194 6.080365194 6.080365194 6.080365194 6.080365194 6.080365194 6.080365194 6.080365194 6.080365194 6.080365194 6.080365194 6.080365194 6.080365194 6.080365194 6.080365194 6.080365194 6.080365194 6.080365194 6.080365194 6.080365194 6.080365194 6.080365194 6.080365194 6.080365194 6.080365194 6.080365194 6.080365194 6.080365194 6.080365194 6.080365194 6.080365194 6.080365194 6.080365194
56 26 10 4 0 0 0 0 0 0 0 0 0 0 0 0 0 0 0 0 0 0 0 0 0 0 0 0 0 0 0 0 0 1.656972412e-15 1.693454132e-13 6.120340668e-13 1.329722933e-12 2.322412012e-12 3.590101303e-12 5.132790807e-12 6.950480523e-12 9.043170452e-12 1.141086059e-11 1.405355094e-11 1.697124151e-11 2.016393229e-11 2.363162327e-11 2.737431447e-11 3.139200588e-11 3.568469751e-11 4.025238934e-11 4.509508139e-11 5.021277364e-11 5.560546611e-11 6.127315879e-11 6.721585168e-11 7.343354478e-11 7.992623809e-11 8.669393161e-11 9.373662535e-11 1.010543193e-10 1.086470134e-10 1.165147078e-10 1.246574024e-10 1.330750972e-10 1.417677922e-10 1.507354874e-10 1.599781828e-10 1.694958784e-10 9.556923902e-06 0.000153030506 0.0004663003631 0.0009462684218 0.001589836609 0.002393906851 0.003355381075 0.004471161207 0.005738149174 0.007153246903 0.00871335632 0.01041537935 0.01225621793 0.01423277397 0.01634194941 0.01858064617 0.02094576617 0.02343421136 0.02604288364 0.02876868495 0.03160851722 0.03455928237 0.03761788233 0.04078121902 0.04404619438 0.04740971032 0.05086866878 0.05441997168 0.05806052095 0.06178721851 0.0655969663 0.06948666623 0.07345322024 0.07749353025 0.08160449819 0.08578302599 0.09012443093 0.09510403453 0.1007804321 0.107148305 0.114202335 0.1219372035 0.130347592 0.139428182 0.1491736551 0.1595786928 0.1706379766 0.1823461881 0.1946980087 0.2076881199 0.2213112034 0.2355619406 0.250435013 0.2659251022 0.2820268897 0.298735057 0.3160442857 0.3339492571 0.352444653 0.3715251548 0.3911854439 0.411420202 0.4322241106 0.4535918512 0.4755181053 0.4979975544 0.52102488 0.5445947637 0.5687018871 0.5933409315 0.6185065786 0.6441935098 0.6714136694 0.7023924707 0.7371221529 0.7755094076 0.8174609261 0.8628833998 0.91168352 0.9637679782 1.019043466 1.077416674 1.138794294 1.203083018 1.270189537 1.340020541 1.412482724 1.487482776 1.564927387 1.644723251 1.726777058 1.810995499 1.897285266 1.985553051 2.075705544 2.167649438 2.261291422 2.35653819 2.453296432 2.551472839 2.650974103 2.751706916 2.853577969 2.956493952 3.060361558 3.165087478 3.270578403 3.376741025 3.376953128 3.376953128 3.376953128 3.376953128 3.376953128 3.376953128 3.376953128 3.376953128 3.376953128 3.376953128 3.376953128 3.376953128 3.376953128 3.376953128 3.376953128 3.376953128 3.376953128 3.376953128 3.376953128 3.376953128 3.376953128 3.376953128 3.376953128 3.376953128 3.376953128 3.376953128 3.376953128 3.376953128 3.376953128 3.376953128 3.376953128 3.376953128 3.376953128 3.376953128 3.376953128 3.376953128 3.376953128 3.376953128 3.376953128 3.376953128 3.376953128 3.376953128 3.376953128 3.376953128 3.376953128 3.376953128 3.376953128 3.376953128 3.376953128 3.376953128 3.376953128 3.376953128 3.376953128 3.376953128 3.376953128 3.376953128 3.376953128 3.376953128 3.376953128 3.376953128 3.376953128 3.376953128 3.376953128 3.376953128 3.376953128 3.376953128 3.376953128 3.376953128 3.376953128 3.376953128 3.376953128 3.376953128 3.376953128 3.376953128 3.376953128 3.376953128 3.376953128 3.376953128 3.376953128 3.376953128 3.376953128 3.376953128 3.376953128 3.376953128 3.376953128 3.376953128 3.376953128 3.376953128 3.376953128 3.376953128 3.376953128 3.376953128 3.376953128 3.376953128 3.376953128 3.376953128 3.376953128 3.376953128 3.376953128 3.376953128 3.376953128 3.376953128 3.376953128 3.376953128 3.376953128 3.376953128 3.376953128 3.376953128 3.376953128 3.376953128 3.376953128 3.376953128 3.376953128 3.376953128 3.376953128 3.376953128 3.376953128 3.376953128 3.376953128 3.376953128 3.376953128 3.376953128 3.376953128 3.376953128 3.376953128 3.376953128 3.376953128
56 26 22 11 7.023766647e-38 6.335570095e-37 5.436806878e-36 4.443643605e-35 3.463019108e-34 2.576102417e-33 1.831156026e-32 1.245066127e-31 8.105967201e-31 5.058165275e-30 3.028150257e-29 1.740879993e-28 9.619854957e-28 5.114090894e-27 2.617890096e-26 1.29149073e-25 6.145442711e-25 2.822887157e-24 1.252738211e-23 5.375183346e-23 2.231638825e-22 8.971719412e-22 3.495136773e-21 1.320374612e-20 4.84032752e-20 1.723016535e-19 5.95972587e-19 2.004300767e-18 6.557972166e-18 2.088860056e-17 6.480940603e-17 1.959766399e-16 5.778959568e-16 1.662679265e-15 4.669905204e-15 1.281057353e-14 3.434021724e-14 8.999478034e-14 2.306800683e-13 5.785923152e-13 1.420656592e-12 3.416142645e-12 8.047895788e-12 1.858187364e-11 4.206404264e-11 9.338829202e-11 2.034094877e-10 4.347868911e-10 9.122812234e-10 1.87948976e-09 3.802883831e-09 7.558607487e-09 1.476082229e-08 2.832657762e-08 5.342658349e-08 9.905019868e-08 1.805230433e-07 3.23462259e-07 5.698389115e-07 9.870323983e-07 1.680986794e-06 2.814771232e-06 4.633934394e-06 7.499922155e-06 1.193236038e-05 1.866003543e-05 2.867878689e-05 4.331217529e-05 6.426774876e-05 9.367826698e-05 0.0001341138962 0.0001885490272 0.0002602671114 0.0003526899593 0.0004691252657 0.0006124380156 0.0007846670873 0.0009919612838 0.00123407438 0.001506491099 0.001804991693 0.002123314161 0.002453456691 0.002786218856 0.003111931933 0.003421292403 0.003706190554 0.003960424299 0.004180207862 0.004364421569 0.004514594036 0.004634651142 0.004730498344 0.004809518761 0.004880068104 0.004951032363 0.005031490718 0.005130500512 0.005256998093 0.005419791645 0.005627610546 0.005889169604 0.006213204677 0.006608437912 0.007212709873 0.008223516019 0.009449447643 0.01093090583 0.01271314339 0.01484600357 0.01738346277 0.02038304635 0.0239052192 0.02801286355 0.03277093632 0.03824635011 0.04450805876 0.05162727022 0.05967767493 0.06873557652 0.07887984075 0.09019162537 0.1027539007 0.1166508048 0.1319668922 0.1487863309 0.1671920894 0.1872651388 0.2090836797 0.2327223991 0.2582517562 0.2857373012 0.3152390277 0.3468107669 0.3804996287 0.4163454953 0.4543805756 0.4946290245 0.5371066317 0.5818205843 0.6287693054 0.6752589745 0.7229469478 0.7722386552 0.8230582516 0.8753226335 0.9289421808 0.9838215837 1.039860749 1.096955778 1.155000007 1.213885103 1.273502208 1.33374312 1.39450151 1.455674158 1.517162206 1.578872431 1.640718509 1.702622295 1.764515091 1.826338913 1.88804775 1.949608817 2.011003798 2.072230088 2.133302028 2.194252142 2.255132371 2.316015333 2.376995575 2.438190865 2.499743503 2.561821668 2.624620816 2.688365125 2.937971737 2.937971737 2.937971737 2.937971737 2.937971737 2.937971737 2.937971737 2.937971737 2.937971737 2.937971737 2.937971737 2.937971737 2.937971737 2.937971737 2.937971737 2.937971737 2.937971737 2.937971737 2.937971737 2.937971737 2.937971737 2.937971737 2.937971737 2.937971737 2.937971737 2.937971737 2.937971737 2.937971737 2.937971737 2.937971737 2.937971737 2.937971737 2.937971737 2.937971737 2.937971737 2.937971737 2.937971737 2.937971737 2.937971737 2.937971737 2.937971737 2.937971737 2.937971737 2.937971737 2.937971737 2.937971737 2.937971737 2.937971737 2.937971737 2.937971737 2.937971737 2.937971737 2.937971737 2.937971737 2.937971737 2.937971737 2.937971737 2.937971737 2.937971737 2.937971737 2.937971737 2.937971737 2.937971737 2.937971737 2.937971737 2.937971737 2.937971737 2.937971737 2.937971737 2.937971737 2.937971737 2.937971737 2.937971737 2.937971737 2.937971737 2.937971737 2.937971737 2.937971737 2.937971737 2.937971737 2.937971737 2.937971737 2.937971737 2.937971737 2.937971737 2.937971737 2.937971737 2.937971737 2.937971737 2.937971737 2.937971737 2.937971737 2.937971737 2.937971737 2.937971737 2.937971737 2.937971737 2.937971737 2.937971737 2.937971737 2.937971737 2.937971737 2.937971737 2.937971737 2.937971737 2.937971737 2.937971737 2.937971737 2.937971737 2.937971737 2.937971737 2.937971737 2.937971737 2.937971737 2.937971737 2.937971737 2.937971737 2.937971737 2.937971737 2.937971737 2.937971737 2.937971737 2.937971737 2.937971737
56 26 24 11 1.9168012e-37 1.806462904e-36 1.615367398e-35 1.372272936e-34 1.108818811e-33 8.531849764e-33 6.258754044e-32 4.382100917e-31 2.931587442e-30 1.875919541e-29 1.149397586e-28 6.750160592e-28 3.803453728e-27 2.058185338e-26 1.070644036e-25 5.358732078e-25 2.583019125e-24 1.200119851e-23 5.379308796e-23 2.328077644e-22 9.736275354e-22 3.937849147e-21 1.541465814e-20 5.844488841e-20 2.147918516e-19 7.657028199e-19 2.649587448e-18 8.905702421e-18 2.909500315e-17 9.245054682e-17 2.859000068e-16 8.609887967e-16 2.526485909e-15 7.228065627e-15 2.017229563e-14 5.494791758e-14 1.46162824e-13 3.798673149e-13 9.650464315e-13 2.397673977e-12 5.82846766e-12 1.386851553e-11 3.231454738e-11 7.376188302e-11 1.65004976e-10 3.618681963e-10 7.78289321e-10 1.642137695e-09 3.400070519e-09 6.910340209e-09 1.378981649e-08 2.702529412e-08 5.202730535e-08 9.840741963e-08 1.829098126e-07 3.341381758e-07 6.000017381e-07 1.059165007e-06 1.838216929e-06 3.13674458e-06 5.262935055e-06 8.682616576e-06 1.408460302e-05 2.24645773e-05 3.522824059e-05 5.431176176e-05 8.231345056e-05 0.0001226250052 0.0001795439405 0.000258341665 0.0003652555039 0.0005073697058 0.0006923524123 0.0009280249584 0.001221758148 0.001579717203 0.002006010466 0.002501831541 0.003064712908 0.003688022735 0.00436082808 0.005068213142 0.005792082397 0.006512403862 0.007208771463 0.007862104208 0.008456268667 0.008979418792 0.009424893055 0.009791583343 0.01008377643 0.01031054838 0.01048484901 0.01062243936 0.01074083822 0.01085840249 0.01099361943 0.01116463922 0.01138903183 0.01168371875 0.01206500872 0.01254865634 0.01314986216 0.01388313956 0.01503139802 0.01699087925 0.01934603339 0.02216508113 0.02552285724 0.02950000106 0.03418185957 0.03965725356 0.0460172999 0.05335448146 0.06176210181 0.07133416537 0.08216561275 0.09435275016 0.107993669 0.1231884683 0.1400391549 0.1586491838 0.1791226779 0.2015634174 0.2260737059 0.2527532053 0.2816978044 0.3129985553 0.3467406889 0.3830027082 0.4218555558 0.4633618531 0.5075752117 0.5545396208 0.6042889164 0.6568463368 0.7122241707 0.7704235008 0.8314340451 0.8952340991 0.9617905767 1.026978067 1.093345477 1.161501808 1.231323433 1.302679224 1.375431703 1.44943827 1.524552512 1.600625567 1.677507551 1.755049018 1.833102455 1.911523803 1.99017398 2.068920424 2.147638618 2.226213615 2.304541549 2.382531119 2.460105066 2.537201616 2.613775905 2.689801388 2.76527122 2.840199628 2.914623272 2.988602598 3.062223197 3.13559717 3.208864512 3.282194525 3.355787264 3.429875032 3.504723935 3.580635507 3.876399142 3.876399142 3.876399142 3.876399142 3.876399142 3.876399142 3.876399142 3.876399142 3.876399142 3.876399142 3.876399142 3.876399142 3.876399142 3.876399142 3.876399142 3.876399142 3.876399142 3.876399142 3.876399142 3.876399142 3.876399142 3.876399142 3.876399142 3.876399142 3.876399142 3.876399142 3.876399142 3.876399142 3.876399142 3.876399142 3.876399142 3.876399142 3.876399142 3.876399142 3.876399142 3.876399142 3.876399142 3.876399142 3.876399142 3.876399142 3.876399142 3.876399142 3.876399142 3.876399142 3.876399142 3.876399142 3.876399142 3.876399142 3.876399142 3.876399142 3.876399142 3.876399142 3.876399142 3.876399142 3.876399142 3.876399142 3.876399142 3.876399142 3.876399142 3.876399142 3.876399142 3.876399142 3.876399142 3.876399142 3.876399142 3.876399142 3.876399142 3.876399142 3.876399142 3.876399142 3.876399142 3.876399142 3.876399142 3.876399142 3.876399142 3.876399142 3.876399142 3.876399142 3.876399142 3.876399142 3.876399142 3.876399142 3.876399142 3.876399142 3.876399142 3.876399142 3.876399142 3.876399142 3.876399142 3.876399142 3.876399142 3.876399142 3.876399142 3.876399142 3.876399142 3.876399142 3.876399142 3.876399142 3.876399142 3.876399142 3.876399142 3.876399142 3.876399142 3.876399142 3.876399142 3.876399142 3.876399142 3.876399142 3.876399142 3.876399142 3.876399142 3.876399142 3.876399142 3.876399142 3.876399142 3.876399142 3.876399142 3.876399142 3.876399142 3.876399142 3.876399142 3.876399142 3.876399142 3.876399142
56 26 54 25 48.85520086 48.86150699 48.86800496 48.87470041 48.88159914 48.88870711 48.89603041 48.90357532 48.91134828 48.91935588 48.92760491 48.93610229 48.94485517 48.95387083 48.96315676 48.97272063 48.98257028 48.99271376 49.00315928 49.01391527 49.02499035 49.0363933 49.04813313 49.06021903 49.07266038 49.08546676 49.09864794 49.11221387 49.12617469 49.14054075 49.15532254 49.17053074 49.18617622 49.20226998 49.2188232 49.23584719 49.2533534 49.27135341 49.28985888 49.30888161 49.32843344 49.34852628 49.36917207 49.39038276 49.4121703 49.43454656 49.45752337 49.4811124 49.5053252 49.53017311 49.55566719 49.58181823 49.60863663 49.63613237 49.66431493 49.69319321 49.72277541 49.75306902 49.78408063 49.81581587 49.84827927 49.88147412 49.91540235 49.95006434 49.98545878 50.02158246 50.05843009 50.09599405 50.13426418 50.17322752 50.212868 50.25316619 50.29409892 50.33563895 50.3777546 50.42040934 50.4635613 50.50716285 50.55116007 50.59549218 50.64009096 50.68488013 50.72977464 50.77467998 50.81949138 50.86409301 50.90835707 50.95214289 50.99529596 51.03764686 51.07901016 51.11918333 51.15794552 51.19505628 51.23025433 51.2632562 51.2937549 51.3214185 51.34588879 51.36677987 51.38367682 51.39613435 51.4036756 51.40579098 51.40193719 51.39153639 51.37397558 51.34860636 51.31474488 51.27167237 51.21863601 51.15485049 51.07950019 50.99174213 50.89070984 50.77551819 50.64526937 50.49906009 50.33599015 50.15517249 49.9557448 49.73688285 49.49781545 49.23784129 48.95634741 48.65282939 48.32691306 47.97837746 47.60717881 47.21347492 46.7976497 46.36033671 45.90244136 45.42516031 44.92999732 44.41877415 43.89363518 43.35704447 42.81177393 42.26088134 41.70767726 41.15568008 40.60855907 40.07006559 39.54395363 39.0338912 38.5433655 38.07558496 37.63338263 37.21912562 36.83463574 36.48112677 36.15916295 35.86864299 35.60881204 35.37830268 35.17520372 34.99715354 34.84145234 34.70518621 34.58535438 34.47899106 34.38327346 34.29560927 34.21369913 34.13557201 34.05959457 33.98445793 33.90914682 33.83289759 33.75515102 33.67550553 33.59367468 33.50945158 33.42268102 33.33323907 33.24101918 33.14592315 33.04785585 32.94672208 32.84242502 32.73486538 32.62394098 32.50954654 32.39157348 32.26990984 32.14444019 32.01504545 31.88160283 31.74398571 31.60206348 31.45570148 31.30476082 31.14909825 30.98856607 30.90576681 30.90576681 30.90576681 30.90576681 30.90576681 30.90576681 30.90576681 30.90576681 30.90576681 30.90576681 30.90576681 30.90576681 30.90576681 30.90576681 30.90576681 30.90576681 30.90576681 30.90576681 30.90576681 30.90576681 30.90576681 30.90576681 30.90576681 30.90576681 30.90576681 30.90576681 30.90576681 30.90576681 30.90576681 30.90576681 30.90576681 30.90576681 30.90576681 30.90576681 30.90576681 30.90576681 30.90576681 30.90576681 30.90576681 30.90576681 30.90576681 30.90576681 30.90576681 30.90576681 30.90576681 30.90576681 30.90576681 30.90576681 30.90576681 30.90576681 30.90576681 30.90576681 30.90576681 30.90576681 30.90576681 30.90576681 30.90576681 30.90576681 30.90576681 30.90576681 30.90576681 30.90576681 30.90576681 30.90576681 30.90576681 30.90576681 30.90576681 30.90576681 30.90576681 30.90576681 30.90576681 30.90576681 30.90576681 30.90576681 30.90576681 30.90576681 30.90576681 30.90576681 30.90576681 30.90576681 30.90576681 30.90576681 30.90576681 30.90576681 30.90576681 30.90576681 30.90576681 30.90576681 30.90576681 30.90576681 30.90576681 30.90576681 30.90576681 30.90576681 30.90576681 30.90576681 30.90576681 30.90576681 30.90576681 30.90576681 30.90576681 30.90576681 30.90576681 30.90576681 30.90576681
